YYYY,MM,DD,SST_MIN,SST_MAX,SST@90th_HS,SSTA@90th_HS,90th_HS>0,DHW_from_90th_HS>1,BAA_7day_max
2013,3,12,27.6574,29.8661,28.9072,0.0562,0,0,0
2013,3,13,27.8228,30.0297,29.4413,0.6766,0,0,0
2013,3,14,28.3072,29.784,29.0821,0.234,0,0,0
2013,3,15,27.9302,29.9709,29.3913,0.6397,0,0,0
2013,3,16,28.0747,29.6585,29.2444,0.5368,0,0,0
2013,3,17,28.3261,29.5949,29.2104,0.5037,0,0,0
2013,3,18,28.5651,29.8157,29.4854,0.7899,0.1172,0,0
2013,3,19,28.699,29.9971,29.4212,0.7234,0.0152,0,0
2013,3,20,28.9058,30.1664,29.3885,0.6623,0.0372,0,0
2013,3,21,29.0701,30.1569,29.5583,0.8444,0.204,0,0
2013,3,22,28.8608,29.9673,29.7103,0.9301,0.1281,0,0
2013,3,23,29.0743,30.0305,29.9188,1.1714,0.3518,0,0
2013,3,24,29.4153,30.4214,29.9845,1.3792,0.6033,0,0
2013,3,25,29.3207,30.3373,30.2822,1.1492,0.397,0,0
2013,3,26,29.6525,30.6242,30.2005,1.637,0.7716,0,0
2013,3,27,29.6112,30.5821,30.084,1.4986,0.6293,0,0
2013,3,28,29.6693,30.3336,29.9416,1.3238,0.5346,0,0
2013,3,29,29.4374,30.1505,29.8572,1.0391,0.3176,0,0
2013,3,30,29.096,29.9271,29.9242,0.8554,0.0535,0,0
2013,3,31,29.3628,30.393,29.806,1.0711,0.4213,0,0
2013,4,1,29.0013,30.9158,29.8351,1.0872,0.4787,0,0
2013,4,2,28.9351,30.0821,29.6934,0.9703,0.2303,0,0
2013,4,3,29.1341,30.0676,29.7717,1.0582,0.3573,0,0
2013,4,4,28.9658,29.726,29.6055,0.9076,0.1711,0,0
2013,4,5,28.8231,29.906,29.5765,0.8664,0.1475,0,0
2013,4,6,28.7969,29.8463,29.3732,0.6781,0,0,0
2013,4,7,28.9788,30.0596,29.8545,1.151,0.4441,0,0
2013,4,8,29.3587,30.1756,29.9427,1.1678,0.6001,0,0
2013,4,9,28.9969,30.3226,29.7318,0.849,0.1175,0,0
2013,4,10,29.2793,30.44,30.1267,1.3695,0.7428,0,0
2013,4,11,29.4513,30.49,30.2149,1.363,0.6301,0,0
2013,4,12,29.3894,30.4494,30.0126,1.2406,0.6399,0,0
2013,4,13,28.9007,29.8675,29.659,0.8571,0.1336,0,0
2013,4,14,29.094,30.4462,29.8552,1.0805,0.5013,0,0
2013,4,15,29.1481,30.3721,29.9805,1.1532,0.5663,0,0
2013,4,16,28.974,30.1774,29.6908,0.8917,0.308,0,0
2013,4,17,29.2222,30.2635,30.0201,1.1349,0.4604,0,0
2013,4,18,29.3001,30.3447,30.027,1.236,0.4941,0,0
2013,4,19,29.1236,30.1991,29.8693,1.0307,0.4626,0,0
2013,4,20,29.374,30.3044,29.988,1.2366,0.5873,0,0
2013,4,21,29.4682,30.6816,30.1002,1.3614,0.7026,0,0
2013,4,22,29.6289,30.678,30.3284,1.5828,0.82,0,0
2013,4,23,29.7244,31.1294,30.3902,1.6314,1.022,0,0
2013,4,24,29.5644,30.4367,30.2104,1.4112,0.6502,0,0
2013,4,25,29.4572,30.5425,29.9547,1.2521,0.5087,0,0
2013,4,26,29.186,30.2659,29.878,1.0595,0.4733,0,0
2013,4,27,28.9498,29.9624,29.5611,0.6887,0.129,0,0
2013,4,28,29.0364,30.103,29.6026,0.8955,0.218,0,0
2013,4,29,29.1195,30.1955,29.7633,1.1042,0.3229,0,0
2013,4,30,28.912,30.0749,29.6819,0.7721,0.2406,0,0
2013,5,1,29.0057,29.9159,29.6247,0.9603,0.1399,0,0
2013,5,2,29.0145,30.0137,29.482,0.6413,0.1309,0,0
2013,5,3,28.8147,29.9902,29.456,0.5539,0.0167,0,0
2013,5,4,28.5379,29.418,28.9778,0.2938,0,0,0
2013,5,5,28.513,29.5988,29.2966,0.5843,0,0,0
2013,5,6,28.521,29.8731,29.3606,0.5531,0,0,0
2013,5,7,28.6228,29.8291,29.4404,0.6739,0.0364,0,0
2013,5,8,28.819,29.9731,29.8747,0.7249,0.1433,0,0
2013,5,9,28.7968,29.8897,29.4827,0.7435,0.1092,0,0
2013,5,10,28.5966,29.8271,29.6602,0.4875,0,0,0
2013,5,11,28.717,30.0221,29.4991,0.8059,0.0701,0,0
2013,5,12,28.9983,29.8433,29.4831,0.9004,0.0327,0,0
2013,5,13,29.0244,29.9281,29.5376,0.6108,0.0962,0,0
2013,5,14,29.0956,29.5904,29.2947,0.6817,0,0,0
2013,5,15,28.6979,29.4885,29.2562,0.7064,0,0,0
2013,5,16,28.4474,29.4805,29.3553,0.3752,0,0,0
2013,5,17,28.4934,29.575,29.1311,0.3075,0,0,0
2013,5,18,28.5192,29.8279,29.4639,0.4458,0,0,0
2013,5,19,28.8813,29.7796,29.7282,0.6113,0,0,0
2013,5,20,28.7859,29.9186,29.6395,1.1465,0.212,0,0
2013,5,21,29.0925,30.0957,29.8484,1.2667,0.4062,0,0
2013,5,22,29.1063,30.0177,29.7311,1.0651,0.3155,0,0
2013,5,23,29.2253,30.2773,29.9632,1.5161,0.5614,0,0
2013,5,24,28.9207,29.8713,29.6702,1.3339,0.2634,0,0
2013,5,25,28.9838,30.0828,29.9077,1.6834,0.3382,0,0
2013,5,26,29.1703,29.8752,29.711,1.4224,0.3145,0,0
2013,5,27,29.0433,29.493,29.2792,0.8735,0,0,0
2013,5,28,29.0103,29.487,29.239,0.8254,0,0,0
2013,5,29,28.8268,29.3042,29.0676,0.861,0,0,0
2013,5,30,28.5928,29.6466,29.1216,0.6012,0,0,0
2013,5,31,28.4964,29.5233,29.4465,0.7288,0,0,0
2013,6,1,28.4494,29.3474,29.2992,0.5342,0,0,0
2013,6,2,28.5044,29.1707,28.9523,0.5014,0,0,0
2013,6,3,28.3619,29.4155,29.0544,0.953,0,0.146,0
2013,6,4,28.3704,29.0482,28.8076,0.4123,0,0.146,0
2013,6,5,28.1677,29.1298,28.86,0.8226,0,0.146,0
2013,6,6,28.2061,29.1881,28.691,0.3578,0,0.146,0
2013,6,7,27.8707,28.4769,28.3562,-0.0533,0,0.146,0
2013,6,8,28.0998,29.3816,28.9175,1.0176,0,0.146,0
2013,6,9,27.9048,29.1466,28.7245,0.4951,0,0.146,0
2013,6,10,28.0431,28.927,28.8931,0.5192,0,0.146,0
2013,6,11,27.8315,29.1535,28.6967,0.5235,0,0.146,0
2013,6,12,27.8528,29.2513,28.809,0.8868,0,0.146,0
2013,6,13,27.9119,29.2172,28.9107,0.7663,0,0.146,0
2013,6,14,27.5513,29.1123,28.497,0.3788,0,0.146,0
2013,6,15,27.4843,29.1731,28.6706,0.5756,0,0.146,0
2013,6,16,27.5189,29.2365,28.6559,0.5732,0,0.146,0
2013,6,17,27.7119,29.3607,28.7624,0.8465,0,0.146,0
2013,6,18,27.7934,29.0809,28.5616,0.887,0,0.146,0
2013,6,19,27.5765,29.0873,28.5126,0.5521,0,0.146,0
2013,6,20,27.6131,28.7804,28.3388,0.4052,0,0.146,0
2013,6,21,27.2193,28.495,28.1763,0.3927,0,0.146,0
2013,6,22,27.0488,28.9209,28.457,0.3829,0,0.146,0
2013,6,23,27.4115,28.5406,28.4702,0.3992,0,0.146,0
2013,6,24,27.3416,28.8345,28.803,0.7034,0,0.146,0
2013,6,25,27.4723,28.8256,28.1753,0.3987,0,0.146,0
2013,6,26,27.6053,28.7906,28.4105,1.0245,0,0.146,0
2013,6,27,27.4787,29.0078,28.7202,0.7472,0,0.146,0
2013,6,28,27.5362,28.7583,28.2557,0.9421,0,0.146,0
2013,6,29,27.5476,28.9889,28.5737,0.8601,0,0.146,0
2013,6,30,27.1191,28.4613,28.0815,0.4403,0,0.146,0
2013,7,1,27.2532,28.5677,28.3647,0.4866,0,0.146,0
2013,7,2,27.1585,28.6393,28.398,0.5783,0,0.146,0
2013,7,3,27.0151,28.5574,28.0809,0.4376,0,0.146,0
2013,7,4,27.0989,28.3886,28.0676,0.3968,0,0.146,0
2013,7,5,27.0812,28.3661,27.9865,0.6416,0,0.146,0
2013,7,6,27.3169,28.3254,27.9659,0.8961,0,0.146,0
2013,7,7,26.9952,28.2872,27.7811,0.2685,0,0.146,0
2013,7,8,26.8562,27.9326,27.5004,0.2104,0,0.146,0
2013,7,9,27.3153,28.2243,27.8177,0.573,0,0.146,0
2013,7,10,27.0829,28.8304,28.3217,1.0879,0,0.146,0
2013,7,11,26.9022,28.4888,28.2045,0.6672,0,0.146,0
2013,7,12,26.9598,27.9143,27.5605,0.2779,0,0.146,0
2013,7,13,27.1204,28.488,27.8823,0.5661,0,0.146,0
2013,7,14,27.192,28.361,28.0433,1.0312,0,0.146,0
2013,7,15,27.2286,28.7815,28.2723,1.0754,0,0.146,0
2013,7,16,27.1033,28.6514,28.1791,1.171,0,0,0
2013,7,17,26.9742,27.7943,27.5933,0.9921,0,0,0
2013,7,18,27.0775,28.3598,27.7659,0.7889,0,0,0
2013,7,19,26.8408,28.3545,27.7788,0.7223,0,0,0
2013,7,20,27.311,28.4182,28.1419,0.8841,0,0,0
2013,7,21,27.3943,28.3491,28.0927,0.8137,0,0,0
2013,7,22,27.1625,27.9237,27.6069,0.5445,0,0,0
2013,7,23,26.684,28.373,27.9264,0.9855,0,0,0
2013,7,24,26.8223,28.0271,27.6685,0.4756,0,0,0
2013,7,25,26.5141,28.0802,27.5244,0.4546,0,0,0
2013,7,26,26.4742,27.8937,27.5997,0.8536,0,0,0
2013,7,27,26.2333,27.6461,27.2923,0.632,0,0,0
2013,7,28,26.6137,27.6878,27.3916,0.4565,0,0,0
2013,7,29,26.4354,27.7989,27.6092,0.2423,0,0,0
2013,7,30,26.4732,27.9266,27.6377,0.2807,0,0,0
2013,7,31,26.4631,27.9286,27.7135,0.4976,0,0,0
2013,8,1,26.2152,27.7573,27.6905,0.9585,0,0,0
2013,8,2,26.3708,27.5672,27.3754,0.3213,0,0,0
2013,8,3,26.5795,28.4002,28.0608,0.8786,0,0,0
2013,8,4,26.567,28.3218,27.8267,1.1835,0,0,0
2013,8,5,26.2443,27.8514,27.387,0.5225,0,0,0
2013,8,6,26.3131,27.7516,27.3941,0.4774,0,0,0
2013,8,7,26.3228,27.7867,27.3658,0.547,0,0,0
2013,8,8,26.176,27.4016,26.9818,0.2785,0,0,0
2013,8,9,26.0428,27.2675,26.8123,0.0346,0,0,0
2013,8,10,25.9084,27.3595,26.9845,-0.1385,0,0,0
2013,8,11,25.5025,27.5341,27.0405,0.2018,0,0,0
2013,8,12,26.0885,28.1646,27.3917,0.5991,0,0,0
2013,8,13,26.3481,28.0543,27.587,0.8415,0,0,0
2013,8,14,26.5578,28.2974,27.8579,1.072,0,0,0
2013,8,15,26.625,28.507,28.0024,1.294,0,0,0
2013,8,16,26.4584,27.803,27.4413,0.7265,0,0,0
2013,8,17,26.098,27.5886,27.1998,0.2268,0,0,0
2013,8,18,26.2371,27.5883,27.0101,0.2434,0,0,0
2013,8,19,26.1669,27.6249,27.0969,0.2494,0,0,0
2013,8,20,26.3751,27.5928,27.5466,0.3024,0,0,0
2013,8,21,26.2555,27.6751,27.2303,0.4971,0,0,0
2013,8,22,26.1737,27.3147,27.0041,0.3197,0,0,0
2013,8,23,26.1561,27.6037,27.5065,0.2146,0,0,0
2013,8,24,25.9716,27.354,26.9111,0.0866,0,0,0
2013,8,25,25.6221,27.4868,27.4288,0.0981,0,0,0
2013,8,26,25.4814,26.7891,26.2325,-0.7529,0,0,0
2013,8,27,26.0928,27.7958,27.2106,0.1128,0,0,0
2013,8,28,26.1164,27.5526,27.0209,-0.1737,0,0,0
2013,8,29,26.2304,27.3909,26.977,0.063,0,0,0
2013,8,30,26.2071,27.4299,27.2906,-0.0573,0,0,0
2013,8,31,26.5429,27.4718,27.1592,0.2674,0,0,0
2013,9,1,26.3201,27.4203,27.1261,0.0213,0,0,0
2013,9,2,26.4404,27.4353,26.9818,0.0837,0,0,0
2013,9,3,26.0483,27.4713,27.1277,0.0359,0,0,0
2013,9,4,26.3489,27.4328,27.0089,-0.0929,0,0,0
2013,9,5,26.2612,27.3542,26.9109,-0.2009,0,0,0
2013,9,6,26.2567,27.5245,27.2117,-0.1047,0,0,0
2013,9,7,26.3796,27.6296,27.2654,-0.0498,0,0,0
2013,9,8,26.5053,27.6366,27.2394,0.0431,0,0,0
2013,9,9,26.4385,27.9314,27.3861,0.41,0,0,0
2013,9,10,26.3486,27.5055,27.0723,-0.2801,0,0,0
2013,9,11,26.7644,27.6126,27.306,0.0924,0,0,0
2013,9,12,26.7031,27.9205,27.5457,0.4354,0,0,0
2013,9,13,26.9628,27.9282,27.4056,0.3721,0,0,0
2013,9,14,27.0506,27.8876,27.612,0.6,0,0,0
2013,9,15,26.9505,28.0786,27.5419,0.4969,0,0,0
2013,9,16,27.0472,28.2528,27.534,0.4531,0,0,0
2013,9,17,27.1389,28.2777,27.7504,0.6387,0,0,0
2013,9,18,26.9191,28.4626,27.9422,0.8329,0,0,0
2013,9,19,26.9235,28.2834,28.0381,0.7993,0,0,0
2013,9,20,27.0206,28.5333,28.0927,0.8811,0,0,0
2013,9,21,27.3139,28.4421,28.2719,0.8323,0,0,0
2013,9,22,27.4006,28.6838,28.1509,0.857,0,0,0
2013,9,23,27.2848,28.6236,28.3341,0.7712,0,0,0
2013,9,24,27.215,28.6129,28.126,0.7841,0,0,0
2013,9,25,27.4193,28.81,28.1507,0.7339,0,0,0
2013,9,26,27.4769,28.704,28.2889,0.8435,0,0,0
2013,9,27,27.8516,28.643,28.2948,0.8349,0,0,0
2013,9,28,27.789,28.9952,28.4389,0.935,0,0,0
2013,9,29,27.7808,29.1562,28.3139,0.8232,0,0,0
2013,9,30,27.9272,28.9214,28.4373,0.688,0,0,0
2013,10,1,27.8141,28.8762,28.4885,0.6725,0,0,0
2013,10,2,27.8006,28.8439,28.6104,0.5075,0,0,0
2013,10,3,27.6465,28.7547,28.6415,0.6479,0,0,0
2013,10,4,27.6637,28.8767,28.4745,0.7468,0,0,0
2013,10,5,27.6088,28.9385,28.4978,0.7511,0,0,0
2013,10,6,27.9823,29.1652,28.6704,0.6522,0,0,0
2013,10,7,27.9258,29.0302,28.642,0.805,0,0,0
2013,10,8,28.1128,29.3356,28.9141,1.105,0,0,0
2013,10,9,28.3311,29.4398,29.2221,1.3141,0,0,0
2013,10,10,28.226,29.5584,29.3932,1.0782,0,0,0
2013,10,11,28.3976,29.5003,29.1086,1.2633,0,0,0
2013,10,12,28.1826,29.6866,29.6246,1.2346,0,0,0
2013,10,13,28.4452,29.1756,28.8482,0.7609,0,0,0
2013,10,14,28.8671,29.7047,29.1856,1.097,0,0,0
2013,10,15,28.5789,29.2939,28.953,0.604,0,0,0
2013,10,16,28.5294,29.4069,29.0551,0.962,0,0,0
2013,10,17,28.641,29.6378,29.1921,0.9949,0,0,0
2013,10,18,28.6259,29.9331,29.3554,1.1152,0,0,0
2013,10,19,28.599,29.9624,29.3042,1.0031,0,0,0
2013,10,20,28.6525,30.0341,29.2796,0.95,0,0,0
2013,10,21,28.6935,30.0789,29.3588,0.9958,0,0,0
2013,10,22,28.4705,29.8372,29.1219,0.7634,0,0,0
2013,10,23,28.4052,29.5955,29.0225,0.5553,0,0,0
2013,10,24,28.7109,29.7833,29.2494,0.7901,0,0,0
2013,10,25,27.6299,28.9364,28.8309,-0.0909,0,0,0
2013,10,26,28.3931,29.5675,29.421,0.4372,0,0,0
2013,10,27,28.5844,29.8723,29.462,0.6514,0,0,0
2013,10,28,28.9202,29.8853,29.5278,0.792,0.1319,0,1
2013,10,29,29.1775,29.9113,29.4607,0.8052,0.1199,0,1
2013,10,30,28.8064,30.0802,29.6499,0.9654,0.3033,0,1
2013,10,31,29.0552,29.9696,29.5159,0.779,0.1615,0,1
2013,11,1,29.1098,29.947,29.8176,0.8182,0.351,0,1
2013,11,2,29.0582,30.33,29.8946,0.8805,0.4879,0,1
2013,11,3,29.1718,30.2591,29.9507,0.9535,0.5253,0,1
2013,11,4,28.6497,30.0117,29.8281,0.814,0.3367,0,1
2013,11,5,28.9867,30.1838,30.1125,0.7544,0.3742,0,1
2013,11,6,28.3949,29.7462,29.1376,0.0334,0,0,1
2013,11,7,28.5003,29.9747,29.5994,0.4347,0.0883,0,1
2013,11,8,28.8201,29.8275,29.4231,0.2087,0,0,1
2013,11,9,28.5894,29.9843,29.4372,0.2434,0,0,1
2013,11,10,28.8438,30.1363,29.5453,0.3871,0.1744,0,1
2013,11,11,28.5512,29.8639,29.4379,0.1178,0,0,1
2013,11,12,29.0806,30.3855,30.1342,0.72,0.5734,0,1
2013,11,13,29.1329,30.2985,29.9716,0.4544,0.3855,0,1
2013,11,14,29.7504,30.7543,30.5148,0.8571,0.8188,0,1
2013,11,15,29.2012,30.4537,30.218,0.7874,0.7874,0,1
2013,11,16,28.9809,30.4462,30.0479,0.6084,0.6026,0,1
2013,11,17,28.8913,30.2121,29.7316,0.339,0.3291,0,1
2013,11,18,28.8947,30.2126,29.9334,0.4821,0.4818,0,1
2013,11,19,28.9658,29.9968,29.6547,0.1131,0.0909,0,1
2013,11,20,28.9898,30.022,29.7374,0.2303,0.2243,0,1
2013,11,21,29.3444,30.462,30.0212,0.5953,0.564,0,1
2013,11,22,29.2983,31.1426,30.3946,0.9694,0.8747,0,1
2013,11,23,29.4804,30.3872,30.0798,0.5542,0.5245,0,1
2013,11,24,29.7671,30.3893,30.1691,0.8472,0.752,0,1
2013,11,25,29.1481,30.1891,29.6229,0.3181,0.2772,0,1
2013,11,26,29.2948,29.8865,29.5399,0.2307,0.1539,0,1
2013,11,27,29.3781,29.9726,29.5893,0.2631,0.2015,0,1
2013,11,28,29.4139,29.9507,29.6861,0.3876,0.2791,0,1
2013,11,29,29.2946,30.2279,29.9625,0.494,0.4467,0,1
2013,11,30,29.0725,30.1366,29.7671,0.3781,0.362,0,1
2013,12,1,29.2515,30.5456,30.2603,0.8958,0.8248,0,1
2013,12,2,29.9484,31.2997,30.954,1.4373,1.4275,0.2039,2
2013,12,3,29.7274,30.952,30.652,1.2854,1.243,0.3815,2
2013,12,4,29.8281,31.1594,30.8483,1.4155,1.4147,0.5836,2
2013,12,5,30.0073,30.6541,30.4301,0.9944,0.905,0.5836,2
2013,12,6,29.8152,30.38,30.2483,0.7346,0.7255,0.5836,2
2013,12,7,29.7363,30.5923,29.9644,0.7193,0.5596,0.5836,2
2013,12,8,29.7092,30.4817,30.0688,0.772,0.623,0.5836,2
2013,12,9,29.78,30.364,29.9842,0.5829,0.5435,0.5836,2
2013,12,10,29.8511,30.5194,30.313,0.8,0.7522,0.5836,2
2013,12,11,29.756,30.4048,30.1266,0.6697,0.6075,0.5836,1
2013,12,12,29.8257,31.2329,30.9109,1.6338,1.4479,0.7904,2
2013,12,13,29.9223,30.8712,30.5419,1.1161,1.0609,0.942,2
2013,12,14,30.0332,31.0008,30.8049,1.2552,1.2259,1.1171,2
2013,12,15,30.2406,31.6605,31.0896,1.5641,1.5483,1.3383,2
2013,12,16,30.2472,31.4498,30.8455,1.447,1.3163,1.5264,2
2013,12,17,30.0986,31.162,30.5903,1.0974,1.0615,1.678,2
2013,12,18,29.6692,30.7143,30.2955,0.8244,0.7723,1.678,2
2013,12,19,29.2847,30.3624,29.6455,0.5988,0.2389,1.678,2
2013,12,20,29.483,30.3547,29.9321,0.4493,0.4054,1.678,2
2013,12,21,30.1565,30.8919,30.5497,1.4315,1.169,1.845,2
2013,12,22,30.0144,30.7264,30.2107,1.1331,0.7974,1.845,2
2013,12,23,29.8156,30.5243,30.1536,0.9372,0.8156,1.845,2
2013,12,24,29.6319,30.3774,30.1004,0.6383,0.5547,1.845,2
2013,12,25,29.5202,30.2486,29.908,0.4358,0.331,1.845,2
2013,12,26,29.1732,30.0232,29.5831,0.1049,0,1.845,2
2013,12,27,28.9467,29.7667,29.1522,0.1561,0,1.845,2
2013,12,28,28.8875,29.8931,29.4444,-0.0073,0,1.845,1
2013,12,29,28.4427,30.5899,30.1527,0.3923,0.2715,1.845,1
2013,12,30,29.1871,30.5697,29.847,0.7016,0.4646,1.845,1
2013,12,31,29.2731,30.4339,29.9396,0.625,0.4255,1.845,1
2014,1,1,29.2772,30.2784,29.9009,0.5276,0.3781,1.845,1
2014,1,2,30.0069,30.8277,30.5511,1.123,1.0793,1.9992,2
2014,1,3,29.7065,30.6821,30.6534,0.8755,0.7713,1.9992,2
2014,1,4,29.4581,30.9894,30.5357,0.9023,0.871,1.9992,2
2014,1,5,29.183,31.0527,30.792,1.0044,0.898,1.9992,2
2014,1,6,29.4423,30.7757,30.358,0.9258,0.8876,1.9992,2
2014,1,7,29.269,30.803,30.3464,1.1803,0.9998,1.9992,2
2014,1,8,29.5319,30.7426,30.5599,0.808,0.6307,1.9992,2
2014,1,9,29.3723,30.8715,30.5809,1.2432,1.0351,2.1471,2
2014,1,10,29.6747,30.8805,30.2157,1.0309,0.8495,2.1471,2
2014,1,11,29.3538,30.9367,30.4846,1.1469,1.0318,2.2945,2
2014,1,12,29.5398,30.6787,29.8948,1.1073,0.4697,2.2945,2
2014,1,13,29.2971,30.2478,29.5673,0.551,0.1583,2.2945,2
2014,1,14,29.2183,30.0015,29.3487,0.257,0.0012,2.2945,2
2014,1,15,29.1826,29.864,29.3187,0.2078,0,2.2945,2
2014,1,16,28.8807,29.6422,29.0055,0.1333,0,2.2945,2
2014,1,17,29.0148,29.704,29.3405,0.4491,0,2.2945,2
2014,1,18,29.1485,30.2796,29.3924,0.5015,0,2.2945,1
2014,1,19,28.7083,29.5222,28.872,0.1659,0,2.2945,1
2014,1,20,28.5769,29.3348,28.7287,-0.0821,0,2.2945,1
2014,1,21,28.515,29.3824,28.7022,-0.3193,0,2.2945,0
2014,1,22,28.7735,29.6385,29.198,-0.1802,0,2.2945,0
2014,1,23,28.4396,29.8937,28.763,0.0685,0,2.2945,0
2014,1,24,28.5486,29.929,28.971,0.1576,0,2.2945,0
2014,1,25,28.3211,30.2067,29.7554,0.5954,0.2389,2.2945,1
2014,1,26,28.2249,29.534,29.2355,0.1502,0,2.2945,1
2014,1,27,28.0051,30.3035,28.993,0.3769,0,2.2945,1
2014,1,28,27.926,29.3011,28.4932,-0.5685,0,2.2945,1
2014,1,29,27.107,28.6619,28.0244,-0.979,0,2.2945,1
2014,1,30,26.8977,29.7128,28.9101,-0.1867,0,2.2945,1
2014,1,31,26.8709,28.1285,27.3224,-1.2538,0,2.2945,1
2014,2,1,27.3336,28.5802,28.3394,-0.6102,0,2.2945,0
2014,2,2,27.9323,29.6762,29.1816,0.2353,0,2.2945,0
2014,2,3,28.6479,29.5488,28.9079,-0.0024,0,2.2945,0
2014,2,4,27.7764,29.4945,28.9351,-0.4261,0,2.2945,0
2014,2,5,28.3164,29.407,28.793,0.1569,0,2.2945,0
2014,2,6,28.1636,29.3477,28.91,0.068,0,2.2945,0
2014,2,7,27.9873,29.7658,29.3803,0.2205,0,2.2945,0
2014,2,8,27.8241,29.5145,28.4943,-0.3874,0,2.2945,0
2014,2,9,28.1349,29.1852,28.6754,-0.1752,0,2.2945,0
2014,2,10,27.8324,30.021,29.2424,-0.0964,0,2.2945,0
2014,2,11,28.395,30.4265,29.5616,0.1488,0,2.2945,0
2014,2,12,27.6881,29.172,28.7644,0.0297,0,2.2945,0
2014,2,13,27.8803,29.2999,29.0275,0.2807,0,2.2945,0
2014,2,14,28.4209,29.7494,29.4677,0.7136,0,2.2945,0
2014,2,15,28.3405,29.8833,29.5739,0.7817,0.0426,2.2945,1
2014,2,16,28.7178,29.5256,29.2605,0.4517,0,2.2945,1
2014,2,17,28.411,29.2948,29.1629,0.4884,0,2.2945,1
2014,2,18,28.3318,28.9525,28.7215,-0.0517,0,2.2945,1
2014,2,19,27.5266,28.5431,27.9118,-0.8618,0,2.2945,1
2014,2,20,27.9942,28.7268,28.2442,-0.6093,0,2.2945,1
2014,2,21,27.6569,28.268,28.0396,-0.8517,0,2.2945,1
2014,2,22,27.9968,28.8969,28.0764,-0.3198,0,2.2945,0
2014,2,23,27.784,28.8923,28.2825,-0.4564,0,2.2945,0
2014,2,24,28.0105,29.3084,28.7205,0.0313,0,2.0905,0
2014,2,25,27.9093,28.8089,28.2981,-0.578,0,1.913,0
2014,2,26,27.8146,29.4944,28.7274,-0.0943,0,1.7109,0
2014,2,27,27.8744,29.6758,29.2454,-0.0911,0,1.7109,0
2014,2,28,27.5438,29.3248,28.6505,-0.1427,0,1.7109,0
2014,3,1,27.9225,29.6551,28.8216,0.0827,0,1.7109,0
2014,3,2,27.989,29.5528,29.4546,0.1304,0,1.7109,0
2014,3,3,28.3846,29.7486,28.9356,0.2282,0,1.7109,0
2014,3,4,28.3338,29.4068,28.8387,0.08,0,1.7109,0
2014,3,5,28.1499,29.4408,29.2139,0.4936,0,1.7109,0
2014,3,6,28.4343,29.6048,29.0156,0.6264,0,1.504,0
2014,3,7,28.6044,30.0513,29.4504,0.9103,0.04,1.3525,1
2014,3,8,28.4815,29.5875,28.9899,0.5362,0,1.1773,1
2014,3,9,28.2515,29.5667,28.9174,0.3497,0,0.9561,1
2014,3,10,28.4345,29.7285,29.1972,0.4324,0,0.7681,1
2014,3,11,28.6899,29.7913,29.3616,0.4844,0,0.6164,1
2014,3,12,28.6392,30.1448,29.6405,0.3696,0,0.6164,1
2014,3,13,28.7057,30.0967,29.9523,0.7019,0.0733,0.6164,1
2014,3,14,28.3122,30.0315,29.8332,0.6317,0.0186,0.6164,1
2014,3,15,28.5215,30.0228,29.3487,0.6666,0,0.4495,1
2014,3,16,28.6533,29.94,29.3769,0.6951,0.0363,0.4495,1
2014,3,17,28.7029,29.7418,29.1159,0.4402,0,0.4495,1
2014,3,18,28.4997,29.5501,29.5354,0.3192,0,0.4495,1
2014,3,19,28.4082,29.702,29.0405,0.3168,0,0.4495,1
2014,3,20,27.8755,29.3929,28.7579,-0.0898,0,0.4495,1
2014,3,21,28.2402,29.8924,29.0965,0.4141,0,0.4495,1
2014,3,22,27.913,29.6385,29.332,0.6066,0,0.4495,1
2014,3,23,28.0861,29.9212,29.8098,0.6667,0,0.4495,0
2014,3,24,28.35,30.215,29.296,0.5693,0,0.4495,0
2014,3,25,28.4601,30.0045,29.4656,0.775,0.0098,0.4495,1
2014,3,26,29.3152,30.3262,29.7984,1.0612,0.4396,0.4495,1
2014,3,27,28.9492,30.2564,30.1272,1.3488,0.3425,0.2953,1
2014,3,28,28.9739,30.2223,30.1044,1.0796,0.1667,0.2953,1
2014,3,29,28.8214,30.0339,29.6351,0.955,0.2038,0.2953,1
2014,3,30,28.9691,30.3787,29.7718,1.1339,0.3679,0.2953,1
2014,3,31,29.4097,30.4922,30.0259,1.4231,0.6087,0.2953,1
2014,4,1,29.4203,30.4907,29.902,1.1654,0.4872,0.2953,1
2014,4,2,29.0386,30.5589,29.753,1.0813,0.3613,0.2953,1
2014,4,3,28.8292,30.5321,30.2332,1.3083,0.4545,0.1474,1
2014,4,4,29.043,30.4981,29.9801,1.1677,0.4193,0.1474,1
2014,4,5,28.9232,30.2395,29.7762,1.0473,0.3455,0,1
2014,4,6,29.0397,31.0433,30.5559,1.6771,0.8866,0,1
2014,4,7,28.8662,30.4152,29.8014,1.1241,0.4131,0,1
2014,4,8,28.9794,30.7461,30.4985,1.6587,0.9512,0,1
2014,4,9,29.6243,30.8131,30.1544,1.4027,0.705,0,1
2014,4,10,29.6268,30.5948,29.9894,1.2277,0.6381,0,1
2014,4,11,29.617,30.4806,30.3297,1.5714,0.6569,0,1
2014,4,12,29.4997,30.517,30.0779,1.3374,0.6046,0,1
2014,4,13,29.2215,30.3411,30.0465,1.2714,0.6421,0,1
2014,4,14,29.3131,30.4551,30.1535,1.4107,0.6424,0,1
2014,4,15,29.1755,30.3682,30.102,1.2989,0.5787,0,1
2014,4,16,29.3986,30.425,30.2118,1.4999,0.7246,0,1
2014,4,17,29.5809,30.3597,30.0791,1.2914,0.6372,0,1
2014,4,18,29.4536,30.5618,30.2962,1.5203,0.7878,0,1
2014,4,19,29.5086,30.5383,30.031,1.2521,0.596,0,1
2014,4,20,29.2568,30.0411,29.6711,0.9461,0.2679,0,1
2014,4,21,29.2115,29.9061,29.7437,1.0219,0.2815,0,1
2014,4,22,29.166,29.7705,29.5302,0.7811,0.1423,0,1
2014,4,23,29.3642,29.9546,29.7027,0.976,0.3514,0,1
2014,4,24,29.348,30.3584,29.9903,1.2467,0.6185,0,1
2014,4,25,29.4688,30.1821,29.8895,1.1471,0.5106,0,1
2014,4,26,29.4594,30.4153,30.1561,1.4139,0.7636,0,1
2014,4,27,29.6125,30.4737,30.2825,1.5705,0.8767,0,1
2014,4,28,29.9786,31.1465,30.7047,1.9843,1.3669,0.1953,2
2014,4,29,29.7199,30.7268,30.5064,1.7782,1.054,0.3458,2
2014,4,30,29.7325,30.5936,30.1955,1.4573,0.7507,0.3458,2
2014,5,1,29.5926,30.5467,30.1119,1.4489,0.7148,0.3458,2
2014,5,2,29.4365,30.5108,30.0333,1.3442,0.6196,0.3458,2
2014,5,3,29.493,30.6904,30.4128,1.2941,0.7039,0.3458,2
2014,5,4,29.4637,30.6977,30.0886,1.4195,0.7265,0.3458,2
2014,5,5,29.2444,30.3826,29.945,1.2931,0.5489,0.3458,2
2014,5,6,28.993,30.2806,29.867,0.9589,0.4603,0.3458,1
2014,5,7,28.8869,30.1283,29.5441,0.8935,0.1929,0.3458,1
2014,5,8,29.164,30.1357,29.6975,1.0189,0.2961,0.3458,1
2014,5,9,29.1042,30.2722,29.9254,0.9039,0.388,0.3458,1
2014,5,10,28.9093,30.2699,30.0281,1.3338,0.6233,0.3458,1
2014,5,11,29.1035,30.2514,29.7593,1.1001,0.3579,0.3458,1
2014,5,12,29.2452,30.4825,29.8983,0.9177,0.4312,0.3458,1
2014,5,13,29.2752,30.3583,30.0161,0.9528,0.4411,0.3458,1
2014,5,14,29.3957,30.0906,29.7256,1.0818,0.3619,0.3458,1
2014,5,15,29.3831,30.3158,29.8325,1.0051,0.5288,0.3458,1
2014,5,16,29.4054,30.5884,30.4871,1.3118,0.7283,0.3458,1
2014,5,17,29.4268,30.3819,29.9744,1.1056,0.5527,0.3458,1
2014,5,18,29.3121,30.0918,29.8976,0.9727,0.3777,0.3458,1
2014,5,19,29.1554,29.9949,29.6428,0.7428,0.1092,0.3458,1
2014,5,20,29.2425,29.8473,29.5686,0.7799,0.1658,0.3458,1
2014,5,21,29.1229,30.2542,29.8165,1.0631,0.391,0.3458,1
2014,5,22,29.1296,29.9952,29.6439,0.9288,0.2221,0.3458,1
2014,5,23,28.9167,29.8588,29.5943,1.0965,0.2065,0.3458,1
2014,5,24,28.541,29.7316,29.4994,0.5766,0,0.3458,1
2014,5,25,28.6776,29.8275,29.3678,0.7194,0,0.3458,1
2014,5,26,28.1064,29.5547,29.1471,0.4428,0,0.3458,1
2014,5,27,28.2008,29.5252,29.1074,0.8238,0,0.3458,1
2014,5,28,27.9611,29.1844,28.7199,0.4675,0,0.3458,1
2014,5,29,28.7138,29.56,29.2224,0.9648,0,0.3458,1
2014,5,30,28.7349,29.5552,29.3894,1.2442,0,0.3458,0
2014,5,31,28.1919,28.9596,28.8426,0.7266,0,0.3458,0
2014,6,1,28.2797,29.1362,28.8629,0.662,0,0.3458,0
2014,6,2,28.2038,29.1685,28.7184,0.5837,0,0.3458,0
2014,6,3,28.0463,29.1705,28.6577,0.4734,0,0.3458,0
2014,6,4,28.2756,29.1802,29.1802,0.5112,0,0.3458,0
2014,6,5,28.1531,29.1626,28.6805,0.5561,0,0.3458,0
2014,6,6,27.9696,29.2787,28.7799,0.4108,0,0.3458,0
2014,6,7,28.1245,28.9489,28.6348,0.2979,0,0.3458,0
2014,6,8,28.2791,29.1665,29.1315,0.7684,0,0.3458,0
2014,6,9,27.858,29.0257,28.7539,0.4218,0,0.3458,0
2014,6,10,27.7149,29.1181,28.5023,0.4286,0,0.3458,0
2014,6,11,27.7564,28.9391,28.932,0.595,0,0.3458,0
2014,6,12,27.6697,29.2635,28.8578,0.631,0,0.3458,0
2014,6,13,27.6697,29.2635,28.8578,0.631,0,0.3458,0
2014,6,14,27.6697,29.2635,28.8578,0.631,0,0.3458,0
2014,6,15,27.6697,29.2635,28.8578,0.631,0,0.3458,0
2014,6,16,27.9043,29.4298,29.1221,0.8846,0,0.3458,0
2014,6,17,27.6228,29.4501,28.6337,0.6822,0,0.3458,0
2014,6,18,27.6673,28.7755,28.5805,0.3612,0,0.3458,0
2014,6,19,27.5791,29.5037,29.2215,0.9899,0,0.3458,0
2014,6,20,27.6882,28.8994,28.6385,0.4692,0,0.3458,0
2014,6,21,27.2516,28.333,28.2853,0.1055,0,0.3458,0
2014,6,22,27.5455,28.4705,28.4273,0.2974,0,0.3458,0
2014,6,23,27.3752,28.7636,28.399,0.4999,0,0.3458,0
2014,6,24,27.0973,28.555,28.4387,0.3997,0,0.3458,0
2014,6,25,27.0924,28.7315,28.5383,0.5268,0,0.3458,0
2014,6,26,26.9948,28.2629,27.8997,0.1067,0,0.3458,0
2014,6,27,27.1059,28.2525,27.794,0.2355,0,0.3458,0
2014,6,28,27.244,28.4149,27.9328,0.1943,0,0.3458,0
2014,6,29,27.0623,28.3445,27.9512,0.1667,0,0.3458,0
2014,6,30,27.2695,28.3754,27.9223,0.4089,0,0.3458,0
2014,7,1,26.8315,28.3048,28.0244,0.2507,0,0.3458,0
2014,7,2,26.9609,28.3865,28.2339,0.4292,0,0.3458,0
2014,7,3,27.1917,28.3932,27.9802,0.3354,0,0.3458,0
2014,7,4,27.1992,28.2732,27.982,0.4247,0,0.3458,0
2014,7,5,27.079,28.2715,27.9446,0.3446,0,0.3458,0
2014,7,6,27.0808,28.8394,28.2048,1.0239,0,0.3458,0
2014,7,7,27.0647,28.6231,28.3628,0.7526,0,0.3458,0
2014,7,8,26.9886,28.2922,27.7537,0.6632,0,0.3458,0
2014,7,9,27.0708,28.8053,28.1496,1.2596,0,0.3458,0
2014,7,10,27.3004,28.9882,28.4728,1.0886,0,0.3458,0
2014,7,11,26.5537,28.5311,27.8815,0.4709,0,0.3458,0
2014,7,12,26.684,28.1827,27.7313,0.3046,0,0.3458,0
2014,7,13,26.8484,27.8963,27.4395,0.0991,0,0.3458,0
2014,7,14,26.5334,27.9391,27.2022,-0.0957,0,0.3458,0
2014,7,15,26.4651,27.9421,27.338,0.5436,0,0.3458,0
2014,7,16,26.5544,28.1032,27.4712,0.2493,0,0.3458,0
2014,7,17,26.7057,27.9869,27.4403,0.2111,0,0.3458,0
2014,7,18,26.4797,27.7274,27.1127,0.0793,0,0.3458,0
2014,7,19,26.2125,28.0306,27.5473,0.4331,0,0.3458,0
2014,7,20,26.5672,27.7788,27.5104,0.1393,0,0.3458,0
2014,7,21,26.1861,27.3446,27.1982,-0.1953,0,0.1506,0
2014,7,22,26.4139,27.3912,27.0527,-0.187,0,0,0
2014,7,23,26.4516,27.504,27.2721,-0.0745,0,0,0
2014,7,24,26.368,28.1146,27.8165,0.4215,0,0,0
2014,7,25,26.3329,28.0703,27.6429,0.5087,0,0,0
2014,7,26,26.5273,28.1187,27.6459,0.3437,0,0,0
2014,7,27,26.7148,28.1983,28.0377,0.693,0,0,0
2014,7,28,26.3793,28.1189,27.6597,0.5082,0,0,0
2014,7,29,26.5371,27.9289,27.7067,0.3844,0,0,0
2014,7,30,26.4243,27.9492,27.6043,0.2909,0,0,0
2014,7,31,25.8966,27.7046,27.3777,0.3281,0,0,0
2014,8,1,26.3562,27.8237,27.3966,0.2117,0,0,0
2014,8,2,26.1302,28.1275,27.4412,0.278,0,0,0
2014,8,3,26.3402,28.1854,27.663,0.8458,0,0,0
2014,8,4,26.4236,28.086,27.7652,0.4971,0,0,0
2014,8,5,26.3021,28.1412,27.6189,0.6227,0,0,0
2014,8,6,26.1011,27.6668,27.4786,0.1984,0,0,0
2014,8,7,26.5456,28.4131,28.0275,0.9423,0,0,0
2014,8,8,26.2626,27.9114,27.4274,0.616,0,0,0
2014,8,9,26.306,27.7769,27.2194,0.3354,0,0,0
2014,8,10,25.7915,27.3828,26.9447,-0.0994,0,0,0
2014,8,11,26.3828,27.6657,27.0978,0.288,0,0,0
2014,8,12,26.2086,27.4247,27.2973,0.1496,0,0,0
2014,8,13,26.2966,27.5135,27.0468,0.3144,0,0,0
2014,8,14,26.1657,27.4611,26.9367,0.1704,0,0,0
2014,8,15,26.1259,27.1133,26.896,0.1635,0,0,0
2014,8,16,26.2824,27.43,27.0266,0.2602,0,0,0
2014,8,17,26.2216,27.2301,26.9128,0.0657,0,0,0
2014,8,18,26.4091,27.6281,27.0148,0.0086,0,0,0
2014,8,19,25.9367,27.229,26.7809,-0.0016,0,0,0
2014,8,20,26.2584,27.2747,27.0299,-0.1629,0,0,0
2014,8,21,26.3707,27.2031,27.0703,-0.0362,0,0,0
2014,8,22,26.412,27.4264,27.0589,0.1139,0,0,0
2014,8,23,26.4823,27.3214,26.9906,-0.0552,0,0,0
2014,8,24,26.3038,27.4797,27.1949,0.3346,0,0,0
2014,8,25,26.3897,27.3286,26.9125,0.0346,0,0,0
2014,8,26,25.9151,27.0703,26.6569,-0.4632,0,0,0
2014,8,27,25.995,27.2568,26.7871,-0.1028,0,0,0
2014,8,28,25.9126,26.9083,26.5664,-0.204,0,0,0
2014,8,29,25.8028,26.8892,26.591,-0.2761,0,0,0
2014,8,30,25.8163,26.9837,26.5846,-0.4549,0,0,0
2014,8,31,25.3701,26.9363,26.3314,-0.6359,0,0,0
2014,9,1,25.2122,27.0684,26.4852,-0.6141,0,0,0
2014,9,2,25.7009,27.3412,26.9912,-0.4247,0,0,0
2014,9,3,25.9336,27.6621,26.9121,-0.2224,0,0,0
2014,9,4,26.0779,27.4226,26.8383,-0.4556,0,0,0
2014,9,5,25.7985,27.3358,26.8162,-0.3037,0,0,0
2014,9,6,26.0824,27.3069,26.8682,-0.1057,0,0,0
2014,9,7,25.7423,27.1782,26.8035,-0.194,0,0,0
2014,9,8,26.0251,27.3575,27.0373,-0.2107,0,0,0
2014,9,9,26.5202,27.7845,27.1719,0.1738,0,0,0
2014,9,10,26.6407,28.0532,27.5237,0.1905,0,0,0
2014,9,11,26.655,28.1651,27.497,0.3263,0,0,0
2014,9,12,26.9252,27.9743,27.4478,0.2657,0,0,0
2014,9,13,26.907,28.149,27.5124,0.4609,0,0,0
2014,9,14,26.7157,28.0515,27.3022,0.2357,0,0,0
2014,9,15,26.1385,27.7805,27.1675,0.0534,0,0,0
2014,9,16,26.5738,27.6653,27.1445,-0.1829,0,0,0
2014,9,17,26.3714,27.683,27.1949,-0.1208,0,0,0
2014,9,18,26.0775,27.3602,26.8848,-0.5818,0,0,0
2014,9,19,26.3067,27.414,26.806,-0.4703,0,0,0
2014,9,20,26.3788,27.8031,27.076,-0.2887,0,0,0
2014,9,21,26.4928,27.5918,26.9221,-0.3582,0,0,0
2014,9,22,26.6551,27.6902,27.2565,-0.1404,0,0,0
2014,9,23,26.9299,27.8688,27.4572,-0.2791,0,0,0
2014,9,24,26.9235,27.8639,27.4882,0.1692,0,0,0
2014,9,25,27.1821,28.085,27.664,0.2336,0,0,0
2014,9,26,27.0037,28.2915,28.0902,0.454,0,0,0
2014,9,27,26.9417,28.3771,27.4882,0.0831,0,0,0
2014,9,28,27.2506,28.5503,28.3961,0.5596,0,0,0
2014,9,29,26.6848,28.2392,27.8753,-0.0716,0,0,0
2014,9,30,27.2456,28.5624,27.9842,0.2349,0,0,0
2014,10,1,27.1718,28.4031,27.6982,-0.1661,0,0,0
2014,10,2,27.0617,28.6642,28.0417,-0.0983,0,0,0
2014,10,3,27.0275,28.7542,27.8045,-0.2738,0,0,0
2014,10,4,26.9232,28.0553,27.7499,-0.4292,0,0,0
2014,10,5,26.8262,28.2367,27.6524,-0.4356,0,0,0
2014,10,6,26.8633,28.3318,27.6586,-0.3859,0,0,0
2014,10,7,26.8898,28.5451,27.6717,-0.3262,0,0,0
2014,10,8,26.9453,28.8707,28.4069,0.2796,0,0,0
2014,10,9,27.1036,29.2657,28.0725,-0.2005,0,0,0
2014,10,10,27.0864,28.6054,27.9117,-0.0177,0,0,0
2014,10,11,26.9341,28.7472,28.4698,0.2535,0,0,0
2014,10,12,27.2249,28.9981,28.6059,0.3352,0,0,0
2014,10,13,26.9743,28.6831,28.2054,-0.0245,0,0,0
2014,10,14,27.1754,29.2514,28.3123,-0.0231,0,0,0
2014,10,15,27.5715,28.7854,28.6635,0.1587,0,0,0
2014,10,16,27.4856,28.657,28.1695,-0.4096,0,0,0
2014,10,17,27.5639,28.9597,28.6056,0.5299,0,0,0
2014,10,18,27.5192,28.8258,28.4924,-0.1641,0,0,0
2014,10,19,27.8038,28.9396,28.3743,-0.1282,0,0,0
2014,10,20,27.5354,28.7428,28.2477,-0.2193,0,0,0
2014,10,21,27.2095,28.7384,28.63,-0.1296,0,0,0
2014,10,22,27.5899,28.848,28.2235,-0.3386,0,0,0
2014,10,23,27.4451,28.7901,28.4222,-0.1474,0,0,0
2014,10,24,27.3576,28.6487,28.0071,-0.5133,0,0,0
2014,10,25,27.0768,28.5609,27.7624,-0.7074,0,0,0
2014,10,26,26.9918,28.5619,27.8311,-0.7557,0,0,0
2014,10,27,27.271,28.7805,28.0263,-0.5503,0,0,0
2014,10,28,27.3608,28.9445,28.5218,-0.3514,0,0,0
2014,10,29,27.7826,29.6004,29.2326,0.1531,0,0,0
2014,10,30,27.7399,30.0595,29.4788,0.3581,0,0,0
2014,10,31,27.0555,28.9176,28.3454,-0.5202,0,0,0
2014,11,1,27.0048,28.5868,28.3096,-0.5788,0,0,0
2014,11,2,27.6862,29.0319,28.6371,-0.3843,0,0,0
2014,11,3,27.8143,28.8821,28.5654,-0.3527,0,0,0
2014,11,4,27.7863,29.3856,28.7445,-0.3084,0,0,0
2014,11,5,28.1039,29.5491,29.0118,-0.0799,0,0,0
2014,11,6,28.0528,29.497,29.369,-0.0447,0,0,0
2014,11,7,27.524,29.3061,28.7661,-0.3503,0,0,0
2014,11,8,28.1728,30.0331,29.5182,0.072,0,0,0
2014,11,9,28.148,29.7704,29.1669,-0.0418,0,0,0
2014,11,10,28.112,29.5985,29.2381,-0.2077,0,0,0
2014,11,11,27.9763,29.6205,29.3052,-0.3176,0,0,0
2014,11,12,28.4115,29.7773,29.5761,-0.0799,0,0,0
2014,11,13,28.4897,30.0169,29.5406,0.1845,0.1112,0,1
2014,11,14,28.4527,29.9137,29.8157,0.1336,0.0968,0,1
2014,11,15,28.6337,30.0187,29.7487,0.2591,0.2591,0,1
2014,11,16,28.6256,29.8718,29.5495,0.1615,0.1581,0,1
2014,11,17,29.0772,30.3576,30.0299,0.5888,0.5628,0,1
2014,11,18,29.0492,30.1559,29.8548,0.4718,0.45,0,1
2014,11,19,28.8792,30.3318,29.943,0.5482,0.5427,0,1
2014,11,20,29.0948,30.2641,30.1795,0.5193,0.4332,0,1
2014,11,21,29.0654,30.2246,29.8756,0.5131,0.4554,0,1
2014,11,22,29.0095,30.523,29.8226,0.3031,0.2677,0,1
2014,11,23,29.0849,30.3114,29.8197,0.4648,0.4351,0,1
2014,11,24,28.509,30.1303,29.6146,0.1686,0.1618,0,1
2014,11,25,28.6685,30.294,29.7427,0.3987,0.2778,0,1
2014,11,26,28.5758,30.0492,29.6556,0.1528,0.0332,0,1
2014,11,27,28.7296,30.0011,29.7698,0.2816,0.1525,0,1
2014,11,28,29.2001,30.1482,29.7162,0.3898,0.3283,0,1
2014,11,29,29.1767,30.5214,30.1102,0.6757,0.6411,0,1
2014,11,30,29.3309,30.3297,30.1229,0.6712,0.627,0,1
2014,12,1,29.256,30.8106,30.3507,0.9105,0.8599,0,1
2014,12,2,29.5835,30.8391,30.1385,0.835,0.7584,0,1
2014,12,3,29.9252,30.8016,30.7353,0.8948,0.8507,0,1
2014,12,4,29.6679,30.6737,30.35,0.9798,0.8916,0,1
2014,12,5,29.9044,31.0503,30.5718,1.2378,1.165,0.1664,2
2014,12,6,29.6066,30.7748,30.2388,0.8997,0.759,0.1664,2
2014,12,7,29.5251,30.2929,29.8476,0.5673,0.4686,0.1664,2
2014,12,8,29.3096,30.2476,29.8217,0.2683,0.2622,0.1664,2
2014,12,9,29.1077,30.2823,30.0485,0.4913,0.4858,0.1664,2
2014,12,10,29.4664,31.0698,30.2088,0.6694,0.6518,0.1664,2
2014,12,11,29.0063,30.2972,30.0268,0.5484,0.5188,0.1664,2
2014,12,12,28.5764,30.379,29.6768,0.3982,0,0.1664,1
2014,12,13,29.1221,30.8768,30.1701,0.6558,0.5913,0.1664,1
2014,12,14,28.6962,29.8288,29.4741,-0.0595,0,0.1664,1
2014,12,15,28.6002,30.5979,29.8973,0.3441,0.3441,0.1664,1
2014,12,16,28.8074,30.5145,29.7557,0.3649,0.3351,0.1664,1
2014,12,17,28.0636,29.4098,29.3974,-0.4635,0,0.1664,1
2014,12,18,28.7459,29.8354,29.5188,0.0455,0.0005,0.1664,1
2014,12,19,28.7567,30.7693,30.4467,0.7119,0.7027,0.1664,1
2014,12,20,29.4724,31.14,30.6882,0.8011,0.7741,0.1664,1
2014,12,21,29.3179,31.1378,30.4844,1.2132,1.1173,0.326,2
2014,12,22,29.7181,30.9528,30.4813,1.2034,1.0133,0.4708,2
2014,12,23,29.7233,30.8759,30.4333,1.2105,0.9897,0.4708,2
2014,12,24,29.7298,31.1064,30.6502,1.3475,1.2434,0.6484,2
2014,12,25,29.9982,31.2428,30.9699,1.5769,1.3971,0.848,2
2014,12,26,29.6133,30.884,30.4319,0.9806,0.9615,0.848,2
2014,12,27,29.169,30.6279,30.221,0.8561,0.7251,0.848,2
2014,12,28,29.5964,30.9673,30.4818,1.0925,0.9608,0.848,2
2014,12,29,29.376,30.8368,30.4152,0.9394,0.8132,0.848,2
2014,12,30,29.6957,30.9829,30.6257,1.2866,1.0481,0.9977,2
2014,12,31,28.8488,30.2357,29.9007,0.449,0.297,0.9977,2
2015,1,1,29.3463,31.1715,30.7679,1.4538,1.1965,1.1687,2
2015,1,2,30.5355,32.3741,31.9557,2.6133,2.4206,1.5145,2
2015,1,3,30.2819,31.8342,31.5176,2.2257,1.9462,1.7925,2
2015,1,4,29.7748,30.7021,30.4123,1.054,0.8922,1.7925,2
2015,1,5,29.6234,30.333,30.0919,0.776,0.5568,1.7925,2
2015,1,6,28.6195,30.9481,29.7371,0.754,0.2884,1.7925,2
2015,1,7,29.3719,31.2338,30.8698,1.1096,0.9952,1.7925,2
2015,1,8,28.2846,30.9326,30.0198,0.6654,0.4981,1.7925,2
2015,1,9,28.7361,30.8293,30.3307,1.3514,0.8714,1.7925,2
2015,1,10,28.6583,30.6839,30.1754,0.4914,0.4314,1.7925,1
2015,1,11,28.3735,30.0815,29.5915,0.2688,0.075,1.7925,1
2015,1,12,27.7623,29.2683,28.766,-0.5507,0,1.7925,1
2015,1,13,27.5517,29.6793,29.009,-0.2463,0,1.7925,1
2015,1,14,28.0532,30.1851,29.1041,-0.3194,0,1.7925,1
2015,1,15,28.2632,29.3965,28.7374,-0.546,0,1.7925,1
2015,1,16,28.5083,30.0193,29.7879,0.4176,0.3278,1.7925,1
2015,1,17,28.9393,30.4031,30.0454,0.8405,0.4801,1.7925,1
2015,1,18,28.5135,30.6418,29.5192,0.2439,0.0061,1.7925,1
2015,1,19,28.5188,29.9936,29.3546,0.573,0,1.7925,1
2015,1,20,28.5928,30.062,29.6324,0.5592,0.1416,1.7925,1
2015,1,21,29.0545,29.9547,29.3659,0.5606,0,1.7925,1
2015,1,22,28.7634,29.9024,29.3524,0.5762,0,1.7925,1
2015,1,23,28.8329,29.5278,29.363,0.1744,0,1.7925,1
2015,1,24,28.5583,29.5743,29.4036,0.1803,0,1.7925,1
2015,1,25,28.9114,29.6033,29.4233,0.3019,0,1.7925,1
2015,1,26,28.8213,30.2113,29.7489,0.446,0.2418,1.7925,1
2015,1,27,28.845,29.5926,29.2631,0.1728,0,1.7925,1
2015,1,28,28.6056,29.6564,29.0982,0.2122,0,1.7925,1
2015,1,29,29.4977,30.5697,30.5054,1.4222,0.9288,1.7925,1
2015,1,30,29.4067,30.6258,30.5438,1.5646,0.9985,1.7925,1
2015,1,31,29.3747,30.3928,30.0614,1.0865,0.7125,1.7925,1
2015,2,1,28.993,30.3072,30.0209,1.1021,0.6255,1.7925,1
2015,2,2,28.7019,29.9724,29.8309,0.3594,0.1421,1.7925,1
2015,2,3,28.8339,30.4502,30.0402,0.8438,0.5698,1.7925,1
2015,2,4,28.9545,30.1453,29.4518,0.4833,0.0147,1.7925,1
2015,2,5,28.8086,30.1329,29.9642,0.4456,0.0389,1.7925,1
2015,2,6,28.7323,30.5447,30.2847,0.7544,0.4891,1.7925,1
2015,2,7,29.1712,30.2793,29.9027,1.3947,0.5031,1.7925,1
2015,2,8,29.0329,30.2365,30.0311,1.0738,0.5244,1.7925,1
2015,2,9,29.3665,30.3365,29.9892,0.8687,0.5056,1.7925,1
2015,2,10,29.2704,30.4719,29.8608,0.8638,0.386,1.7925,1
2015,2,11,28.9436,30.5203,30.2015,0.7011,0.3868,1.7925,1
2015,2,12,29.0344,30.5484,29.8805,0.9102,0.3973,1.7925,1
2015,2,13,29.2279,30.1433,29.7221,0.9689,0.2705,1.7925,1
2015,2,14,29.1182,30.6704,29.9169,0.7711,0.3835,1.7925,1
2015,2,15,29.1114,30.2286,29.9211,1.0082,0.3606,1.7925,1
2015,2,16,29.046,30.3667,30.0731,1.207,0.543,1.7925,1
2015,2,17,28.9786,30.4203,29.8087,0.9917,0.232,1.7925,1
2015,2,18,29.4707,30.4978,30.1279,1.7405,0.6722,1.7925,1
2015,2,19,29.2596,30.2251,30.0578,1.2973,0.5085,1.7925,1
2015,2,20,29.3763,30.2102,30.0039,1.155,0.4738,1.7925,1
2015,2,21,29.3031,30.0739,29.8132,0.9454,0.2915,1.7925,1
2015,2,22,29.0175,29.7382,29.4307,0.6043,0.0176,1.7925,1
2015,2,23,29.0929,30.5145,30.0017,1.0098,0.527,1.7925,1
2015,2,24,28.5401,29.2674,29.0452,0.2554,0,1.7925,1
2015,2,25,28.8851,29.7004,29.5177,0.6881,0.09,1.7925,1
2015,2,26,28.3466,29.9339,28.5686,0.1291,0,1.7925,1
2015,2,27,28.6753,29.4925,29.4358,0.1581,0,1.6261,1
2015,2,28,28.339,29.8705,29.4056,0.5484,0,1.6261,1
2015,3,1,28.0358,29.3128,28.9186,0.4367,0,1.6261,1
2015,3,2,27.576,29.2152,28.5258,-0.1443,0,1.6261,1
2015,3,3,28.4797,29.5146,29.103,0.3124,0,1.6261,1
2015,3,4,28.711,30.2646,29.8303,1.0098,0.3137,1.6261,1
2015,3,5,29.6598,30.6747,30.5164,1.7441,0.982,1.6261,1
2015,3,6,29.52,30.4664,30.1958,1.5607,0.7541,1.6261,1
2015,3,7,29.0649,30.578,29.9048,1.3902,0.5126,1.6261,1
2015,3,8,28.9146,30.5812,30.1271,1.3572,0.73,1.6261,1
2015,3,9,29.4153,30.7676,30.7326,1.4802,0.8244,1.6261,1
2015,3,10,28.8624,30.9583,30.0766,1.513,0.6432,1.6261,1
2015,3,11,29.0044,30.8558,30.014,1.2613,0.6162,1.6261,1
2015,3,12,28.9677,30.9064,30.218,1.3882,0.7444,1.6261,1
2015,3,13,29.2184,31.0547,30.4565,1.4317,0.8255,1.6261,1
2015,3,14,29.0466,30.0666,29.9834,0.9557,0.3181,1.6261,1
2015,3,15,28.7311,30.588,30.1154,1.3482,0.5343,1.4665,1
2015,3,16,28.3406,30.3917,30.0008,1.1571,0.4835,1.3217,1
2015,3,17,28.717,30.426,29.5917,0.9817,0.1992,1.3217,1
2015,3,18,29.1545,30.5514,30.0689,1.3352,0.6723,1.1441,1
2015,3,19,29.2694,30.5367,30.3408,1.6411,0.8233,0.9445,1
2015,3,20,29.4777,30.8561,30.154,1.634,0.7448,0.9445,1
2015,3,21,29.5701,30.8339,30.2795,1.8068,0.8553,0.9445,1
2015,3,22,28.8848,30.4329,29.9771,1.2735,0.4489,0.9445,1
2015,3,23,29.7328,30.7288,30.3714,1.5918,0.9123,0.9445,1
2015,3,24,29.7741,31.3469,30.5248,1.8125,1.1611,0.9606,2
2015,3,25,29.7102,30.7466,30.3191,1.5704,0.9042,0.9606,2
2015,3,26,29.5525,30.7902,30.3923,1.4292,0.7005,0.7897,2
2015,3,27,29.3835,30.496,29.987,1.3265,0.6089,0.4439,2
2015,3,28,29.371,30.4286,30.0207,1.3882,0.6212,0.1659,2
2015,3,29,29.1611,30.8386,30.1479,1.408,0.7402,0.1659,2
2015,3,30,29.1349,30.3006,29.7479,1.0514,0.3335,0.1659,2
2015,3,31,29.0222,30.1757,30.0379,1.0462,0.0986,0.1659,1
2015,4,1,28.9678,29.9661,29.5848,0.7945,0.0631,0.1659,1
2015,4,2,29.4549,30.539,30.3362,1.3753,0.455,0.1659,1
2015,4,3,29.3263,30.3044,29.8969,1.2603,0.4869,0.1659,1
2015,4,4,29.1739,30.3218,29.6661,0.978,0.2277,0.1659,1
2015,4,5,29.3772,30.4721,29.8499,1.1131,0.4369,0.1659,1
2015,4,6,29.1593,30.2894,29.7628,1.0158,0.373,0.1659,1
2015,4,7,29.2179,30.541,30.1635,1.415,0.6872,0.1659,1
2015,4,8,29.4963,30.3451,30.206,1.3079,0.5411,0.1659,1
2015,4,9,29.4838,30.1772,29.7921,1.0135,0.3766,0.1659,1
2015,4,10,28.7342,30.0477,29.5302,0.7405,0.0115,0.1659,1
2015,4,11,29.1271,30.3892,30.2102,1.304,0.2872,0.1659,1
2015,4,12,29.0172,30.1425,29.7418,0.8345,0.1127,0.1659,1
2015,4,13,29.3222,30.0912,29.5743,0.7668,0.2138,0.1659,1
2015,4,14,29.1735,30.4206,29.8937,1.1146,0.4928,0.1659,1
2015,4,15,29.0115,30.1008,29.6463,0.8291,0.2105,0.1659,1
2015,4,16,28.5501,29.9464,29.5196,0.7454,0.0349,0.1659,1
2015,4,17,29.029,30.0005,29.4752,0.75,0.0483,0.1659,1
2015,4,18,29.1945,30.2925,29.948,0.9453,0.326,0.1659,1
2015,4,19,28.6161,29.8178,29.57,0.7154,0.1318,0.1659,1
2015,4,20,28.8895,30.1679,29.6375,0.7443,0.1586,0.1659,1
2015,4,21,29.0099,29.7556,29.3244,0.5633,0,0.1659,1
2015,4,22,29.0543,29.7253,29.4812,0.7113,0,0.1659,1
2015,4,23,29.0232,29.8934,29.5639,0.8019,0.139,0.1659,1
2015,4,24,28.9336,29.6189,29.3513,0.6512,0,0.1659,1
2015,4,25,28.7711,30.1594,29.7554,0.8294,0.2549,0.1659,1
2015,4,26,28.8678,30.1461,29.5853,0.8288,0.1417,0.1659,1
2015,4,27,28.6888,29.7183,29.3951,0.5088,0,0.1659,1
2015,4,28,28.9067,29.863,29.4582,0.7393,0.0119,0.1659,1
2015,4,29,28.8344,30.1066,29.8014,1.0728,0.4033,0.1659,1
2015,4,30,28.8776,29.5251,29.1762,0.2928,0,0.1659,1
2015,5,1,28.2757,29.827,29.4234,0.3348,0,0.1659,1
2015,5,2,28.4977,29.6053,29.0577,0.3044,0,0.1659,1
2015,5,3,28.6519,29.4034,29.0422,0.3184,0,0.1659,1
2015,5,4,28.2611,29.6125,29.2463,0.059,0,0.1659,1
2015,5,5,28.074,29.3873,28.671,-0.0148,0,0.1659,1
2015,5,6,28.7159,29.5722,29.1042,0.3492,0,0.1659,0
2015,5,7,28.5753,29.4537,29.0624,0.3891,0,0.1659,0
2015,5,8,28.2842,29.2853,28.8581,0.0882,0,0.1659,0
2015,5,9,27.9668,29.2538,29.0045,0.2362,0,0.1659,0
2015,5,10,28.3026,29.4098,28.9028,0.2406,0,0.1659,0
2015,5,11,28.4804,29.5866,29.1806,0.0812,0,0.1659,0
2015,5,12,28.4993,29.526,29.2511,0.1314,0,0.1659,0
2015,5,13,28.454,29.4209,28.988,0.3165,0,0.1659,0
2015,5,14,28.1991,29.3842,28.7624,0.1386,0,0.1659,0
2015,5,15,28.2166,29.4691,28.7798,0.098,0,0.1659,0
2015,5,16,28.0832,29.3644,28.8922,0.3776,0,0.1659,0
2015,5,17,27.9739,29.001,28.7328,-0.3293,0,0.1659,0
2015,5,18,28.0933,29.0527,28.6927,0.1043,0,0.1659,0
2015,5,19,27.5723,28.7578,28.3702,-0.1708,0,0.1659,0
2015,5,20,27.808,29.0244,28.5447,-0.287,0,0.1659,0
2015,5,21,27.6452,29.038,28.4778,0.12,0,0.1659,0
2015,5,22,27.6919,29.1542,28.6691,-0.0796,0,0.1659,0
2015,5,23,27.6592,29.0153,28.6642,-0.2721,0,0.1659,0
2015,5,24,27.6222,28.9167,28.2996,-0.0872,0,0.1659,0
2015,5,25,27.6918,29.2165,28.8135,0.0465,0,0.1659,0
2015,5,26,28.1302,29.0669,29.0499,0.1753,0,0.1659,0
2015,5,27,28.1168,29.3411,28.9385,0.3501,0,0.1659,0
2015,5,28,28.0254,29.2255,29.0052,0.586,0,0.1659,0
2015,5,29,28.1833,29.4719,29.2532,0.6854,0,0.1659,0
2015,5,30,27.9299,29.1451,28.9971,0.4223,0,0.1659,0
2015,5,31,28.1453,29.6448,29.239,0.6981,0,0.1659,0
2015,6,1,27.7206,29.4286,28.9076,0.4139,0,0.1659,0
2015,6,2,27.8518,29.5684,28.9275,0.5411,0,0.1659,0
2015,6,3,27.6352,28.8787,28.5358,-0.0366,0,0.1659,0
2015,6,4,27.6085,28.5584,28.1964,0.0493,0,0.1659,0
2015,6,5,27.3737,28.7313,28.483,-0.1222,0,0.1659,0
2015,6,6,27.5648,28.6499,28.5155,-0.0624,0,0.1659,0
2015,6,7,27.1961,28.2266,27.852,-0.088,0,0.1659,0
2015,6,8,27.4344,28.8876,28.2717,0.3138,0,0.1659,0
2015,6,9,27.5355,28.7442,28.187,0.334,0,0.1659,0
2015,6,10,27.5324,28.6045,28.2813,-0.0479,0,0.1659,0
2015,6,11,27.4771,28.7243,28.6507,0.1655,0,0.1659,0
2015,6,12,27.3757,28.5626,28.3646,0.1454,0,0.1659,0
2015,6,13,27.44,28.832,28.5216,0.572,0,0.1659,0
2015,6,14,27.5307,28.6926,28.4574,0.3013,0,0.1659,0
2015,6,15,27.5471,28.7107,28.295,0.2687,0,0.1659,0
2015,6,16,27.4844,28.8043,28.3592,0.4152,0,0,0
2015,6,17,27.5965,28.5782,28.2671,0.5767,0,0,0
2015,6,18,27.6405,29.7231,28.6644,0.6471,0,0,0
2015,6,19,27.6102,28.5098,28.2561,0.1944,0,0,0
2015,6,20,27.4728,28.5855,28.5204,0.364,0,0,0
2015,6,21,27.7334,28.5699,28.1946,0.2286,0,0,0
2015,6,22,27.8428,28.695,28.5558,0.4798,0,0,0
2015,6,23,27.9289,28.8921,28.6077,0.618,0,0,0
2015,6,24,27.904,28.7941,28.3563,0.7247,0,0,0
2015,6,25,27.9144,28.6472,28.3694,0.8623,0,0,0
2015,6,26,27.5906,28.513,28.1445,0.6622,0,0,0
2015,6,27,27.4186,28.5379,28.1966,0.8037,0,0,0
2015,6,28,27.5575,28.5629,28.0858,0.4731,0,0,0
2015,6,29,27.2924,28.4153,28.0978,0.5578,0,0,0
2015,6,30,27.2866,28.2559,27.9655,0.4685,0,0,0
2015,7,1,26.957,28.1704,27.8884,0.2069,0,0,0
2015,7,2,27.3864,28.6296,28.3292,0.9536,0,0,0
2015,7,3,27.2117,28.5363,28.0295,0.397,0,0,0
2015,7,4,27.0906,28.1064,27.911,0.6027,0,0,0
2015,7,5,27.0506,28.0847,27.9948,0.6911,0,0,0
2015,7,6,26.9789,28.0015,27.9062,0.7402,0,0,0
2015,7,7,26.9424,27.9861,27.7401,0.6222,0,0,0
2015,7,8,26.7754,27.8866,27.6768,0.4623,0,0,0
2015,7,9,26.7512,27.9775,27.798,0.5454,0,0,0
2015,7,10,26.7424,27.9349,27.58,0.1344,0,0,0
2015,7,11,26.8951,27.992,27.628,0.4715,0,0,0
2015,7,12,26.8858,27.8952,27.7133,0.2498,0,0,0
2015,7,13,26.9542,27.9283,27.6053,0.5069,0,0,0
2015,7,14,26.7365,27.6469,27.4039,0.6265,0,0,0
2015,7,15,26.7281,27.7463,27.5216,0.1337,0,0,0
2015,7,16,26.5043,27.5921,27.1124,-0.1697,0,0,0
2015,7,17,26.3586,27.321,26.9437,0.2112,0,0,0
2015,7,18,26.2819,27.3499,27.1222,-0.2203,0,0,0
2015,7,19,26.1308,27.4747,27.0482,-0.2108,0,0,0
2015,7,20,26.6753,27.494,27.3502,0.8605,0,0,0
2015,7,21,26.6461,27.8904,27.6393,0.5514,0,0,0
2015,7,22,26.866,28.0079,27.702,0.7431,0,0,0
2015,7,23,26.9939,27.9205,27.6448,0.6267,0,0,0
2015,7,24,27.2979,28.232,27.9629,1.0744,0,0,0
2015,7,25,27.1854,28.1303,28.1147,0.7903,0,0,0
2015,7,26,27.2262,28.4143,28.1287,1.1341,0,0,0
2015,7,27,27.4675,28.6053,28.1388,1.1557,0,0,0
2015,7,28,27.107,28.1023,27.9065,0.6828,0,0,0
2015,7,29,27.0083,28.0557,27.8069,0.9691,0,0,0
2015,7,30,26.7325,27.8225,27.5833,0.3227,0,0,0
2015,7,31,26.6208,27.8156,27.3871,0.4362,0,0,0
2015,8,1,26.5861,27.3657,27.3099,0.0071,0,0,0
2015,8,2,26.201,27.2526,26.96,-0.0108,0,0,0
2015,8,3,26.113,27.1307,26.9401,-0.2003,0,0,0
2015,8,4,25.761,26.8415,26.637,0.0324,0,0,0
2015,8,5,26.0441,27.2154,26.8374,0.1764,0,0,0
2015,8,6,26.1377,27.1091,26.8125,0.1091,0,0,0
2015,8,7,26.1591,27.5402,26.7881,-0.0029,0,0,0
2015,8,8,26.2381,27.1125,26.7924,0.3259,0,0,0
2015,8,9,26.245,27.2245,26.8635,0.1113,0,0,0
2015,8,10,26.3915,27.2083,26.8236,0.0613,0,0,0
2015,8,11,26.2106,27.2045,26.8084,0.3463,0,0,0
2015,8,12,26.0385,27.0317,26.5772,-0.4351,0,0,0
2015,8,13,25.911,26.8928,26.5049,-0.3159,0,0,0
2015,8,14,25.8476,26.9453,26.4639,-0.2465,0,0,0
2015,8,15,25.6673,26.8657,26.4274,-0.5184,0,0,0
2015,8,16,25.6186,26.8544,26.6771,-0.5315,0,0,0
2015,8,17,25.7925,26.8943,26.591,-0.5655,0,0,0
2015,8,18,25.6531,26.7882,26.7638,0.0602,0,0,0
2015,8,19,25.8514,26.97,26.8789,-0.322,0,0,0
2015,8,20,26.0015,27.086,26.6127,-0.4133,0,0,0
2015,8,21,25.9096,26.8299,26.4881,-0.4118,0,0,0
2015,8,22,25.7803,27.0365,26.7633,-0.3636,0,0,0
2015,8,23,25.7814,27.2015,26.8905,-0.3288,0,0,0
2015,8,24,26.6035,27.6277,27.1369,0.0778,0,0,0
2015,8,25,26.8538,28.0743,27.4758,0.4198,0,0,0
2015,8,26,26.6657,27.4358,27.3495,0.0628,0,0,0
2015,8,27,26.1192,27.5658,26.9232,0.314,0,0,0
2015,8,28,26.6455,27.6117,27.5174,0.6622,0,0,0
2015,8,29,26.5283,27.6446,26.9618,-0.1733,0,0,0
2015,8,30,26.6032,27.7523,27.1646,0.2482,0,0,0
2015,8,31,26.364,27.9366,27.1969,0.2443,0,0,0
2015,9,1,26.4667,28.0612,27.4751,0.1433,0,0,0
2015,9,2,26.627,28.1173,27.9293,0.8802,0,0,0
2015,9,3,26.8542,28.2172,27.613,0.3296,0,0,0
2015,9,4,26.8205,28.3135,27.5996,0.599,0,0,0
2015,9,5,26.8283,28.3577,27.5437,0.5451,0,0,0
2015,9,6,26.6831,28.1102,27.4058,0.0894,0,0,0
2015,9,7,26.8207,28.3291,27.9664,1.0041,0,0,0
2015,9,8,26.9621,28.357,27.5321,0.3948,0,0,0
2015,9,9,26.9093,28.2317,27.3924,0.383,0,0,0
2015,9,10,26.739,28.2369,27.4365,0.3863,0,0,0
2015,9,11,26.4456,28.0313,27.4572,0.618,0,0,0
2015,9,12,26.7119,28.1294,27.2799,-0.0443,0,0,0
2015,9,13,26.8368,27.9709,27.2719,0.2564,0,0,0
2015,9,14,26.7909,28.1077,27.2996,-0.0207,0,0,0
2015,9,15,26.7677,28.2513,27.6343,0.3719,0,0,0
2015,9,16,27.115,28.3033,27.6883,0.6065,0,0,0
2015,9,17,27.1154,28.3635,27.6899,0.576,0,0,0
2015,9,18,27.1429,28.373,28.3525,1.0527,0,0,0
2015,9,19,26.8782,28.287,27.7694,0.5021,0,0,0
2015,9,20,26.8726,28.2782,27.7947,0.5719,0,0,0
2015,9,21,26.0629,27.8467,27.0718,-0.4678,0,0,0
2015,9,22,26.2276,27.9932,27.6997,0.1113,0,0,0
2015,9,23,26.1767,28.416,27.6033,-0.0421,0,0,0
2015,9,24,26.0943,27.9763,27.4329,-0.1444,0,0,0
2015,9,25,26.368,28.011,27.9585,0.0558,0,0,0
2015,9,26,26.4177,28.0936,27.9846,0.0636,0,0,0
2015,9,27,26.4177,27.9068,27.7856,-0.1534,0,0,0
2015,9,28,26.311,27.992,27.9112,-0.1029,0,0,0
2015,9,29,26.2399,27.8978,27.2152,-0.5827,0,0,0
2015,9,30,26.2773,28.1165,27.8548,-0.2393,0,0,0
2015,10,1,26.2881,28.1368,27.7971,-0.2307,0,0,0
2015,10,2,25.9976,27.9408,27.4218,-0.5537,0,0,0
2015,10,3,26.045,27.9141,27.6609,-0.3484,0,0,0
2015,10,4,26.2989,27.8275,27.6113,-0.5693,0,0,0
2015,10,5,26.1985,27.6467,27.1129,-0.8896,0,0,0
2015,10,6,26.2792,27.7149,27.2438,-0.7478,0,0,0
2015,10,7,26.436,27.8167,27.5886,-0.496,0,0,0
2015,10,8,26.4942,27.6746,27.2853,-0.5966,0,0,0
2015,10,9,26.4536,27.7441,27.4822,-0.8748,0,0,0
2015,10,10,26.3245,27.7515,27.3641,-0.9417,0,0,0
2015,10,11,26.5224,27.8063,27.5242,-0.7563,0,0,0
2015,10,12,26.6523,27.9162,27.779,-0.6527,0,0,0
2015,10,13,26.6803,27.7875,27.2564,-0.7961,0,0,0
2015,10,14,26.7703,28.0709,27.4982,-0.556,0,0,0
2015,10,15,26.8564,28.2947,27.5941,-0.7651,0,0,0
2015,10,16,26.7934,28.1698,27.9409,-0.7091,0,0,0
2015,10,17,26.5973,28.178,28.0832,-0.6156,0,0,0
2015,10,18,26.4722,28.1436,27.6093,-0.794,0,0,0
2015,10,19,26.6779,28.4031,28.287,-0.4885,0,0,0
2015,10,20,26.7263,28.4132,28.3107,-0.4884,0,0,0
2015,10,21,26.7483,28.4003,27.9476,-0.5959,0,0,0
2015,10,22,27.2628,28.6014,28.0504,-0.5774,0,0,0
2015,10,23,27.2319,28.4997,27.9867,-0.618,0,0,0
2015,10,24,27.2373,28.625,28.399,-0.5075,0,0,0
2015,10,25,27.372,28.7014,28.3117,-0.454,0,0,0
2015,10,26,27.4056,28.6389,28.5696,-0.4614,0,0,0
2015,10,27,27.45,28.601,28.1516,-0.7275,0,0,0
2015,10,28,27.1924,28.7062,28.4113,-0.6195,0,0,0
2015,10,29,27.112,28.4921,28.032,-0.6851,0,0,0
2015,10,30,27.1789,28.5797,28.1477,-0.8028,0,0,0
2015,10,31,27.0351,28.7118,28.2358,-0.5898,0,0,0
2015,11,1,27.0824,28.6468,28.1803,-0.6197,0,0,0
2015,11,2,27.3244,28.8369,28.2703,-0.5847,0,0,0
2015,11,3,27.3971,28.8213,28.7402,-0.5846,0,0,0
2015,11,4,27.3868,28.8424,28.449,-0.6729,0,0,0
2015,11,5,27.6295,28.9135,28.7532,-0.2967,0,0,0
2015,11,6,27.9133,29.1601,28.8569,-0.2821,0,0,0
2015,11,7,28.0534,29.4011,29.0127,-0.065,0,0,0
2015,11,8,28.1223,29.6947,29.4047,-0.1022,0,0,0
2015,11,9,28.0948,29.6098,29.3963,0.1703,0,0,0
2015,11,10,28.1289,29.9495,29.5907,0.3013,0.0608,0,1
2015,11,11,27.7977,30.015,29.6401,0.3631,0.1978,0,1
2015,11,12,28.6194,30.134,30.0552,0.4639,0.3481,0,1
2015,11,13,28.2104,30.1823,29.8891,0.4466,0.3519,0,1
2015,11,14,28.3005,30.1141,29.8976,0.3202,0.2802,0,1
2015,11,15,28.4101,30.447,30.1258,0.3453,0.2453,0,1
2015,11,16,28.8002,30.4629,30.0735,0.6087,0.6067,0,1
2015,11,17,29.0123,30.6022,30.4317,0.7508,0.7128,0,1
2015,11,18,29.0585,30.7266,30.3936,0.884,0.7479,0,1
2015,11,19,29.2788,30.9763,30.7167,0.9644,0.8452,0,1
2015,11,20,29.318,30.7547,30.2974,0.78,0.6537,0,1
2015,11,21,28.9153,30.5564,30.0365,0.5428,0.5193,0,1
2015,11,22,28.4094,30.5717,29.949,0.6014,0.5349,0,1
2015,11,23,28.7739,30.5777,30.4285,0.587,0.499,0,1
2015,11,24,28.9609,30.5937,30.2012,0.6246,0.4628,0,1
2015,11,25,28.9726,30.3727,30.03,0.5115,0.5072,0,1
2015,11,26,29.1682,30.5595,29.9322,0.6229,0.5143,0,1
2015,11,27,29.1934,30.8714,30.1791,0.6403,0.623,0,1
2015,11,28,29.1482,31.0578,30.2993,0.7364,0.7237,0,1
2015,11,29,29.5036,31.2118,30.6211,1.0852,1.065,0.1521,2
2015,11,30,29.2653,31.0895,30.5095,1.0252,0.9995,0.1521,2
2015,12,1,29.3858,30.9335,30.2933,0.9314,0.8501,0.1521,2
2015,12,2,28.8707,30.97,30.4507,0.9172,0.9078,0.1521,2
2015,12,3,29.0794,31.0509,30.5213,1.0444,1.0277,0.299,2
2015,12,4,29.2963,31.3812,30.6601,1.1288,1.1188,0.4588,2
2015,12,5,29.4811,31.1099,30.7561,1.2316,1.2168,0.6326,2
2015,12,6,29.5741,31.0699,30.7292,1.2073,1.198,0.8038,2
2015,12,7,29.4465,31.5423,31.1506,1.6281,1.6051,1.0331,2
2015,12,8,29.4569,31.1498,30.8419,1.4497,1.4249,1.2366,2
2015,12,9,29.7241,31.0351,30.8526,1.2852,1.2668,1.4176,2
2015,12,10,29.6226,30.8504,30.4962,1.151,1.1087,1.576,2
2015,12,11,29.3201,30.9411,30.523,1.144,1.0444,1.7252,2
2015,12,12,29.5416,31.3389,30.9204,1.5145,1.4582,1.9335,2
2015,12,13,29.6558,31.1277,30.7139,1.371,1.3049,2.1199,2
2015,12,14,29.9363,31.368,31.0121,1.7401,1.5441,2.3405,2
2015,12,15,29.9363,31.368,31.0121,1.7401,1.5441,2.5611,2
2015,12,16,29.6627,31.0592,30.6581,1.3807,1.2279,2.7365,2
2015,12,17,29.7743,30.9205,30.5529,1.2576,1.1229,2.8969,2
2015,12,18,29.4821,30.6667,30.3973,0.9083,0.8745,2.8969,2
2015,12,19,29.0722,30.4184,29.9236,0.6578,0.4975,2.8969,2
2015,12,20,28.7786,29.9305,29.7888,0.3376,0.2207,2.8969,2
2015,12,21,28.5169,29.7529,29.5734,0.2093,0.0945,2.8969,2
2015,12,22,28.4089,30.317,29.6406,0.2399,0.1789,2.8969,2
2015,12,23,28.3239,30.217,29.5156,0.1425,0.0827,2.8969,2
2015,12,24,27.9683,29.7771,29.41,0.0023,0,2.8969,1
2015,12,25,27.8233,29.8123,29.3239,-0.1782,0,2.8969,1
2015,12,26,27.7292,29.7256,29.1665,-0.0621,0,2.8969,1
2015,12,27,27.8647,29.7782,29.0473,-0.3166,0,2.8969,1
2015,12,28,27.2243,30.5058,29.6768,0.2988,0.2395,2.8969,1
2015,12,29,27.1924,30.3871,29.7128,0.1106,0.0915,2.8969,1
2015,12,30,27.2214,30.4487,29.5686,0.143,0.0888,2.8969,1
2015,12,31,27.4702,30.4049,30.1332,0.333,0.1954,2.8969,1
2016,1,1,27.769,30.4069,30.1078,0.2819,0.1936,2.8969,1
2016,1,2,28.083,30.5154,29.6929,0.3443,0.2352,2.8969,1
2016,1,3,28.1294,30.6174,29.952,0.2361,0.1877,2.8969,1
2016,1,4,27.9886,30.8673,29.7583,0.5226,0.3764,2.8969,1
2016,1,5,28.1105,31.1365,30.0226,0.7053,0.5733,2.8969,1
2016,1,6,28.3576,30.8404,30.3447,0.6431,0.4538,2.8969,1
2016,1,7,28.2521,30.9926,30.3973,0.6467,0.5762,2.8969,1
2016,1,8,28.7373,30.7823,29.7946,0.6458,0.4565,2.8969,1
2016,1,9,28.8522,30.8374,30.1113,0.7218,0.6315,2.8969,1
2016,1,10,29.219,31.0169,30.3726,1.0064,0.9185,2.8969,1
2016,1,11,29.2513,31.1345,30.4304,1.1243,0.9103,2.8969,1
2016,1,12,29.5273,30.9485,30.512,1.1388,0.9847,2.8969,1
2016,1,13,29.4734,30.8771,30.3675,1.1406,0.9526,2.8969,1
2016,1,14,29.4424,30.7278,30.2949,0.8404,0.7948,2.8969,1
2016,1,15,29.4723,30.6345,30.3939,0.8076,0.7456,2.8969,1
2016,1,16,29.5135,31.0035,30.2908,1.0316,0.8664,2.8969,1
2016,1,17,29.5801,30.9626,30.4926,1.031,0.9471,2.8969,1
2016,1,18,29.6022,30.8034,30.4195,1.1951,0.9866,2.8969,1
2016,1,19,29.7926,30.9281,30.7198,1.5284,1.1629,3.063,2
2016,1,20,30.0272,31.3301,31.09,1.9559,1.6531,3.2992,2
2016,1,21,30.0949,31.4163,30.9335,1.7883,1.4739,3.5098,2
2016,1,22,29.9599,31.4774,31.1972,2.1269,1.5951,3.7376,2
2016,1,23,29.7885,31.1007,30.7569,1.6033,1.2344,3.914,2
2016,1,24,29.692,31.4893,30.8661,1.7454,1.3092,4.101,3
2016,1,25,29.1751,31.0278,30.5233,1.509,0.9727,4.101,3
2016,1,26,28.9991,30.8884,30.1973,0.8737,0.6402,4.101,3
2016,1,27,28.8398,31.0663,30.0211,1.1026,0.6395,4.101,3
2016,1,28,28.5945,30.9471,29.975,0.8235,0.4553,4.101,3
2016,1,29,28.5133,30.7979,29.9904,0.7612,0.4506,4.101,3
2016,1,30,28.4666,30.5575,30.3789,0.8808,0.4933,4.101,3
2016,1,31,28.5041,30.4877,30.3278,0.7774,0.399,4.101,1
2016,2,1,28.5278,30.8843,29.8736,0.9757,0.5182,4.101,1
2016,2,2,28.4503,30.2986,29.717,0.5015,0.2352,4.101,1
2016,2,3,28.8979,30.6596,30.29,0.6835,0.4086,4.101,1
2016,2,4,28.3751,30.4219,29.9625,0.7368,0.445,4.101,1
2016,2,5,28.7093,30.2267,29.9158,0.4938,0.2441,4.101,1
2016,2,6,28.8936,30.5525,30.1,0.8309,0.5286,4.101,1
2016,2,7,28.7803,30.525,30.3824,0.8553,0.4688,4.101,1
2016,2,8,28.7129,30.3532,29.6876,0.5202,0.1753,4.101,1
2016,2,9,28.3659,30.7884,29.8514,0.5031,0.2058,4.101,1
2016,2,10,28.3427,30.7866,29.9986,0.8583,0.459,4.101,1
2016,2,11,28.2632,31.049,30.6403,1.1143,0.7732,4.101,1
2016,2,12,28.3124,31.2583,30.8474,1.3367,0.992,4.101,1
2016,2,13,28.2175,30.8766,30.1586,1.0386,0.6412,4.101,1
2016,2,14,28.3872,31.1896,30.2445,0.8513,0.5337,4.101,1
2016,2,15,28.1984,31.0659,30.3226,1.168,0.7657,4.101,1
2016,2,16,28.5087,30.8342,30.4682,1.0104,0.6535,4.101,1
2016,2,17,28.5353,31.0805,30.7283,1.3087,0.8098,4.101,1
2016,2,18,28.5716,30.9131,30.4067,0.9876,0.6286,4.101,1
2016,2,19,28.495,31.0514,30.4237,1.3139,0.8705,4.101,1
2016,2,20,28.3669,31.2613,30.9261,1.5519,1.0031,4.2443,3
2016,2,21,28.5927,31.1616,30.3248,1.1775,0.7463,4.0921,3
2016,2,22,29.103,31.1363,30.4382,1.743,1.0131,4.2369,3
2016,2,23,29.0272,31.0882,30.5357,1.5302,1.0384,4.3852,3
2016,2,24,29.0166,31.3268,30.3784,1.4635,0.9207,4.3852,3
2016,2,25,28.8636,31.1205,30.5468,1.4742,0.9873,4.2384,3
2016,2,26,28.6933,31.2247,31.1482,1.8669,1.2105,4.2515,3
2016,2,27,28.537,31.1988,30.9953,1.7083,1.0591,4.229,3
2016,2,28,28.4394,31.1181,30.0979,1.2325,0.6584,4.0578,3
2016,2,29,28.127,30.9728,30.4499,1.3771,0.855,3.8285,3
2016,3,1,28.3017,31.0331,30.7889,1.5198,0.8712,3.625,3
2016,3,2,28.756,31.327,31.0518,1.7418,1.1684,3.6109,3
2016,3,3,28.8299,31.299,30.9888,1.7032,1.063,3.6044,3
2016,3,4,29.1017,31.4118,30.5787,1.7109,1.1131,3.6142,3
2016,3,5,29.0866,31.3053,30.4618,1.6083,0.9843,3.4059,2
2016,3,6,29.0085,31.1861,30.9518,1.6381,1.0668,3.3719,2
2016,3,7,29.2019,30.9328,30.5093,1.5334,0.9402,3.1513,2
2016,3,8,29.03,30.9247,30.8484,1.6483,0.9307,2.9307,2
2016,3,9,29.287,31.2727,31.0421,1.7891,1.1203,2.9153,2
2016,3,10,29.3797,31.5131,30.9721,1.7016,1.1049,2.9128,2
2016,3,11,29.2605,31.6215,31.0699,1.953,1.3738,3.109,2
2016,3,12,29.2469,31.6831,30.9299,2.0336,1.3903,3.3077,2
2016,3,13,28.9566,30.9419,30.549,1.6844,1.0419,3.4565,2
2016,3,14,28.895,30.9483,30.4133,1.3802,0.765,3.4565,2
2016,3,15,29.0024,30.9101,30.8028,1.6734,0.8635,3.4565,2
2016,3,16,28.9883,31.0224,30.4374,1.6109,0.9417,3.4565,2
2016,3,17,28.7854,30.8675,30.8274,1.6637,0.9016,3.4565,2
2016,3,18,28.8869,31.0563,30.1742,1.1638,0.5173,3.4565,2
2016,3,19,28.7487,30.9039,30.3142,1.41,0.728,3.4565,2
2016,3,20,28.5153,31.2246,30.3113,1.6127,0.9706,3.4565,1
2016,3,21,28.9803,31.291,30.8124,1.702,1.0086,3.6006,2
2016,3,22,29.0966,31.5867,30.4352,1.6905,1.022,3.7466,2
2016,3,23,29.2921,31.8841,31.0256,2.1982,1.4989,3.9607,2
2016,3,24,29.4265,31.8898,30.8483,2.1405,1.4932,4.174,3
2016,3,25,29.5102,31.7532,30.8504,2.0117,1.3008,4.3599,3
2016,3,26,29.6599,31.5997,31.2108,2.1682,1.273,4.5417,3
2016,3,27,29.6742,31.636,30.7531,1.9078,1.1564,4.7069,3
2016,3,28,29.7037,31.7231,31.0737,2.1336,1.382,4.9044,3
2016,3,29,30.0646,31.6655,30.9516,2.1672,1.4445,5.1107,3
2016,3,30,29.9996,31.5561,30.8441,2.1776,1.4006,5.3108,3
2016,3,31,29.8959,31.2748,30.645,1.9058,1.1632,5.477,3
2016,4,1,29.9508,31.5064,30.6534,1.8839,1.1487,5.6411,3
2016,4,2,29.8783,31.2763,30.5044,1.8531,1.071,5.7941,3
2016,4,3,29.7827,31.1245,30.2795,1.5034,0.8531,5.7941,3
2016,4,4,29.6089,31.024,30.2721,1.5555,0.8046,5.7941,3
2016,4,5,29.6046,31.0117,30.0946,1.3951,0.7177,5.7941,3
2016,4,6,29.8108,31.0207,30.2579,1.5638,0.839,5.7941,3
2016,4,7,29.7396,30.8212,30.1485,1.3969,0.7823,5.7941,3
2016,4,8,29.7463,30.974,30.204,1.4347,0.7867,5.7941,3
2016,4,9,29.6373,30.992,30.6735,1.8636,0.9628,5.7941,1
2016,4,10,29.6536,30.6949,30.0617,1.3033,0.6756,5.7941,1
2016,4,11,29.6367,30.4465,29.9813,1.2134,0.5602,5.7941,1
2016,4,12,29.4634,30.4568,29.9377,1.1672,0.5197,5.628,1
2016,4,13,29.366,30.4984,30.3037,1.4257,0.4207,5.3918,1
2016,4,14,29.3739,30.4186,29.9428,1.2044,0.4733,5.1812,1
2016,4,15,29.3012,30.5679,29.9109,0.9598,0.351,4.9534,1
2016,4,16,29.2455,30.521,30.1095,1.1072,0.5048,4.777,1
2016,4,17,29.1966,30.7352,30.1033,1.1637,0.4761,4.59,1
2016,4,18,29.4773,30.8127,30.1971,1.3586,0.7749,4.59,1
2016,4,19,29.4844,30.8409,30.2365,1.3136,0.7161,4.59,1
2016,4,20,29.6432,31.0722,30.3741,1.5686,1.0069,4.7338,3
2016,4,21,29.5255,30.9931,30.1926,1.3831,0.8254,4.7338,3
2016,4,22,29.4811,30.9587,30.3474,1.4838,0.8495,4.7338,3
2016,4,23,29.3612,30.7095,30.2249,1.3604,0.7202,4.7338,3
2016,4,24,29.2486,30.6265,30.2201,1.2444,0.6602,4.7338,3
2016,4,25,29.2594,30.7322,29.6894,0.9047,0.3734,4.7338,3
2016,4,26,29.2309,30.897,29.8694,1.1142,0.4332,4.7338,3
2016,4,27,29.2343,30.7046,29.978,1.1473,0.4953,4.7338,1
2016,4,28,29.3768,30.636,30.1629,1.0761,0.4668,4.7338,1
2016,4,29,29.3563,30.7445,30.1789,1.2082,0.6413,4.7338,1
2016,4,30,29.5962,30.964,30.2916,1.5553,0.8558,4.7338,1
2016,5,1,29.5576,30.7591,30.1154,1.4334,0.7559,4.7338,1
2016,5,2,29.4564,31.0213,30.3008,1.3411,0.8042,4.7338,1
2016,5,3,29.5884,30.86,30.165,1.4932,0.8055,4.7338,1
2016,5,4,29.4351,30.5098,30.3392,1.1931,0.6203,4.7338,1
2016,5,5,29.406,30.6073,30.0593,1.1526,0.6259,4.7338,1
2016,5,6,29.3198,30.6826,30.0656,1.1974,0.6402,4.7338,1
2016,5,7,29.4292,30.7775,30.6199,1.538,0.9764,4.7338,1
2016,5,8,29.3626,30.7864,30.2838,1.7066,0.7533,4.7338,1
2016,5,9,29.2114,30.7196,30.0801,1.1333,0.6019,4.7338,1
2016,5,10,29.2158,30.733,30.2549,1.2947,0.7521,4.7338,1
2016,5,11,29.5077,30.7328,30.228,1.5875,0.7868,4.7338,1
2016,5,12,29.1016,30.5572,30.0666,1.0418,0.5068,4.7338,1
2016,5,13,29.0603,30.5595,30.0554,0.9422,0.3956,4.7338,1
2016,5,14,29.0049,30.2535,29.9487,0.8334,0.2889,4.5905,1
2016,5,15,28.7807,30.2537,29.6698,1.0685,0.3232,4.5905,1
2016,5,16,28.8075,30.2345,30.032,0.8795,0.2818,4.4458,1
2016,5,17,28.8594,30.4424,30.0641,0.9777,0.3644,4.2975,1
2016,5,18,28.8417,30.6343,29.9127,1.0725,0.4806,4.2975,1
2016,5,19,28.6164,30.6003,30.0854,1.2245,0.6437,4.2975,1
2016,5,20,28.8709,30.4859,30.3391,1.284,0.6005,4.1245,1
2016,5,21,29.013,30.5883,29.9434,1.5006,0.5716,3.9732,1
2016,5,22,29.0875,30.5177,30.3057,1.3785,0.646,3.9732,1
2016,5,23,29.2409,30.4654,29.9723,1.6024,0.5633,3.9732,1
2016,5,24,29.3945,30.6466,30.336,1.6144,0.6985,3.9732,1
2016,5,25,29.2911,30.7578,30.5051,1.6005,0.7777,3.8063,1
2016,5,26,29.4152,30.5872,30.0781,1.755,0.6537,3.6545,1
2016,5,27,29.3894,30.483,30.3507,1.4457,0.5519,3.4954,1
2016,5,28,29.3562,30.5358,30.3057,1.5167,0.6148,3.4954,1
2016,5,29,29.2414,30.9888,30.44,1.7555,0.774,3.343,1
2016,5,30,28.992,30.3474,30.1308,1.3879,0.4089,3.343,1
2016,5,31,29.0444,30.275,29.8771,1.3108,0.3572,3.343,1
2016,6,1,28.9904,29.9398,29.5291,1.0676,0.1409,3.183,1
2016,6,2,28.9226,29.7093,29.3226,0.8698,0,3.0252,1
2016,6,3,28.9852,29.6503,29.4379,1.4086,0,2.8289,1
2016,6,4,29.2134,30.079,29.5535,1.1837,0.1403,2.6303,1
2016,6,5,29.199,30.1645,29.9699,1.4847,0.3165,2.4814,1
2016,6,6,29.0207,29.7653,29.544,1.5471,0.1433,2.4814,1
2016,6,7,28.8717,29.9184,29.6916,1.7382,0.2934,2.4814,1
2016,6,8,28.9843,30.1193,29.8704,1.9372,0.4357,2.4814,1
2016,6,9,29.0327,30.0324,29.8439,1.9505,0.4105,2.4814,1
2016,6,10,29.064,30.046,29.8188,1.9485,0.4207,2.4814,1
2016,6,11,28.7834,29.7927,29.4143,1.469,0.0305,2.4814,1
2016,6,12,28.7938,29.4805,29.2272,1.0782,0,2.4814,1
2016,6,13,28.5624,29.2102,29.1298,1.3893,0,2.3373,1
2016,6,14,28.4433,29.1262,28.9139,1.2363,0,2.1913,1
2016,6,15,28.5741,29.1958,28.9384,1.1809,0,1.9772,1
2016,6,16,28.4522,29.1854,29.0363,1.3952,0,1.7639,1
2016,6,17,28.3077,29.128,28.8413,1.2336,0,1.5781,1
2016,6,18,28.3138,29.1352,28.9467,1.2931,0,1.3962,0
2016,6,19,28.3706,29.07,28.946,1.2286,0,1.231,0
2016,6,20,28.3108,29.1671,28.8726,1.2833,0,1.0336,0
2016,6,21,28.3904,29.0095,28.756,1.0342,0,0.8272,0
2016,6,22,28.2085,29.4797,29.2534,1.1221,0,0.6271,0
2016,6,23,28.3666,29.4411,28.7605,1.262,0,0.461,0
2016,6,24,28.2664,29.2552,28.7443,1.1211,0,0.2968,0
2016,6,25,28.2034,28.9309,28.5685,1.1437,0,0.1438,0
2016,6,26,27.9263,28.9674,28.4854,0.9579,0,0.1438,0
2016,6,27,28.0734,29.149,28.4981,0.7164,0,0.1438,0
2016,6,28,28.031,29.1053,28.5459,0.7893,0,0.1438,0
2016,6,29,27.8019,28.8218,28.319,0.6235,0,0.1438,0
2016,6,30,27.8414,28.6581,28.3877,0.6125,0,0.1438,0
2016,7,1,28.0722,29.1865,28.7104,1.0744,0,0.1438,0
2016,7,2,27.8546,28.9024,28.6895,1.01,0,0.1438,0
2016,7,3,27.6417,28.7732,28.6838,0.8766,0,0.1438,0
2016,7,4,27.766,28.9807,28.4461,0.8568,0,0.1438,0
2016,7,5,27.8056,28.999,28.7251,1.0086,0,0.1438,0
2016,7,6,27.6008,29.0662,28.8036,1.111,0,0.1438,0
2016,7,7,27.378,28.6124,28.286,0.7033,0,0.1438,0
2016,7,8,27.3825,28.5213,28.1139,0.8991,0,0.1438,0
2016,7,9,27.333,28.5588,28.085,0.8928,0,0.1438,0
2016,7,10,27.5355,28.6941,28.5541,0.9652,0,0.1438,0
2016,7,11,27.7154,29.0285,28.9286,1.3287,0,0.1438,0
2016,7,12,27.4946,28.771,28.1714,0.9481,0,0.1438,0
2016,7,13,27.4974,28.9459,28.6259,1.2756,0,0,0
2016,7,14,27.1825,28.5197,28.1995,0.9722,0,0,0
2016,7,15,27.1513,28.5443,28.0562,0.8064,0,0,0
2016,7,16,26.9391,28.6142,27.9813,0.6508,0,0,0
2016,7,17,27.0759,28.753,27.9809,0.736,0,0,0
2016,7,18,27.088,28.7846,28.4536,0.99,0,0,0
2016,7,19,26.9881,28.8026,28.348,0.9648,0,0,0
2016,7,20,26.9153,28.9207,28.4915,1.1184,0,0,0
2016,7,21,27.1206,29.0052,28.2972,1.0651,0,0,0
2016,7,22,27.0359,28.9435,28.3751,1.5228,0,0,0
2016,7,23,27.0323,29.1246,28.7924,1.394,0,0,0
2016,7,24,27.084,28.7874,28.3376,1.4192,0,0,0
2016,7,25,27.2208,28.8301,28.1104,0.9169,0,0,0
2016,7,26,27.3017,28.9147,28.4226,1.1536,0,0,0
2016,7,27,27.229,28.752,28.4688,1.1478,0,0,0
2016,7,28,27.1119,28.6497,28.3268,1.0306,0,0,0
2016,7,29,26.9997,28.4499,28.2987,0.9925,0,0,0
2016,7,30,26.9224,28.332,28.1908,0.8339,0,0,0
2016,7,31,26.727,28.2949,27.8364,0.7396,0,0,0
2016,8,1,26.9405,28.3317,27.9607,0.7726,0,0,0
2016,8,2,27.2362,28.3948,27.9388,1.0898,0,0,0
2016,8,3,26.9844,28.4983,27.9121,0.9933,0,0,0
2016,8,4,26.8361,28.2454,27.5408,0.4469,0,0,0
2016,8,5,26.7196,28.0104,27.7356,0.5371,0,0,0
2016,8,6,26.8066,27.9172,27.4555,0.6255,0,0,0
2016,8,7,26.558,27.9224,27.4473,0.4952,0,0,0
2016,8,8,26.552,27.8123,27.4213,0.3983,0,0,0
2016,8,9,26.5858,27.5489,27.3715,0.1711,0,0,0
2016,8,10,26.8676,28.0503,27.945,0.7301,0,0,0
2016,8,11,26.9491,28.1973,27.7084,0.691,0,0,0
2016,8,12,26.8739,28.3616,27.8114,0.8111,0,0,0
2016,8,13,26.7868,28.2298,27.7602,0.7589,0,0,0
2016,8,14,26.847,28.0769,28.0392,0.8085,0,0,0
2016,8,15,26.8416,28.0838,27.9509,0.7369,0,0,0
2016,8,16,26.8431,28.1595,28.0241,0.8082,0,0,0
2016,8,17,26.8755,27.971,27.9231,0.689,0,0,0
2016,8,18,26.7804,27.9373,27.4357,0.5018,0,0,0
2016,8,19,26.8914,27.9334,27.4339,0.5861,0,0,0
2016,8,20,26.7648,27.6858,27.5727,0.3385,0,0,0
2016,8,21,26.8253,27.8503,27.3776,0.7516,0,0,0
2016,8,22,27.0509,27.8989,27.4378,0.7389,0,0,0
2016,8,23,27.0232,27.8991,27.3773,0.3065,0,0,0
2016,8,24,26.9114,27.7771,27.3442,0.2095,0,0,0
2016,8,25,27.1273,28.2351,28.0768,0.7453,0,0,0
2016,8,26,27.2937,28.4889,27.9306,1.1058,0,0,0
2016,8,27,27.2124,28.243,28.0289,0.7178,0,0,0
2016,8,28,27.009,28.1679,27.5602,0.7701,0,0,0
2016,8,29,26.9974,28.2524,28.0493,0.6945,0,0,0
2016,8,30,27.0852,28.1936,27.8224,0.6587,0,0,0
2016,8,31,27.2523,28.2706,27.7508,0.8197,0,0,0
2016,9,1,27.1526,28.1148,27.7006,0.7037,0,0,0
2016,9,2,27.5113,28.2699,27.7979,0.9839,0,0,0
2016,9,3,27.5373,28.6403,28.1143,1.2471,0,0,0
2016,9,4,27.4678,28.5619,28.1352,0.7805,0,0,0
2016,9,5,27.4805,28.6767,28.1034,0.7321,0,0,0
2016,9,6,27.2825,28.5892,27.8569,0.6619,0,0,0
2016,9,7,27.1671,28.4391,27.7762,0.818,0,0,0
2016,9,8,27.0355,28.3191,27.7432,0.7993,0,0,0
2016,9,9,27.2526,28.4828,27.8952,0.9817,0,0,0
2016,9,10,27.3776,28.5415,28.4724,1.3366,0,0,0
2016,9,11,27.3297,28.4643,28.1517,0.9673,0,0,0
2016,9,12,27.4814,28.7173,28.1447,1.1051,0,0,0
2016,9,13,27.4295,28.6199,28.2276,0.7883,0,0,0
2016,9,14,27.623,28.5504,28.0967,1.0345,0,0,0
2016,9,15,27.6618,28.5164,28.1642,1.2737,0,0,0
2016,9,16,27.7976,28.8267,28.3102,0.8658,0,0,0
2016,9,17,27.9626,29.057,28.7155,1.1515,0,0,0
2016,9,18,27.4829,28.832,28.5588,0.9763,0,0,0
2016,9,19,27.7345,29.2114,28.8063,1.632,0,0,0
2016,9,20,27.855,29.2687,29.0279,1.9764,0,0,0
2016,9,21,27.7587,29.079,29.0079,1.9038,0,0,0
2016,9,22,27.9405,29.4347,29.0163,1.6808,0,0,0
2016,9,23,27.973,29.2312,28.8146,1.4835,0,0,0
2016,9,24,28.2711,29.4223,28.9131,1.642,0,0,0
2016,9,25,28.2925,29.1915,28.7998,1.4334,0,0,0
2016,9,26,28.0616,29.0816,28.7625,1.4751,0,0,0
2016,9,27,28.2117,29.0918,28.7013,1.3528,0,0,0
2016,9,28,28.5461,29.4553,29.0947,1.2196,0,0,0
2016,9,29,28.555,29.5582,29.0543,1.5812,0,0,0
2016,9,30,28.6027,29.7672,29.2089,1.7541,0,0,0
2016,10,1,28.8578,29.8057,29.5075,2.0392,0,0,0
2016,10,2,28.8432,29.7637,29.5011,1.9368,0,0,0
2016,10,3,28.6558,29.7059,29.5037,1.9299,0,0,0
2016,10,4,28.9071,29.7645,29.704,1.6473,0.0392,0,1
2016,10,5,28.5017,29.4351,29.2331,1.5542,0,0,1
2016,10,6,28.2586,29.2502,28.9044,1.1675,0,0,1
2016,10,7,28.0187,29.1872,28.6986,0.9349,0,0,1
2016,10,8,28.1945,29.5815,28.9093,1.1125,0,0,1
2016,10,9,28.2131,29.6924,28.9041,1.0718,0,0,1
2016,10,10,28.4108,29.5979,29.1773,1.3215,0,0,1
2016,10,11,28.5126,29.8364,29.2783,1.3682,0,0,0
2016,10,12,28.5578,29.7046,29.6005,1.1069,0,0,0
2016,10,13,28.7641,29.8801,29.6503,1.1285,0,0,0
2016,10,14,28.5089,29.4923,28.9744,0.9265,0,0,0
2016,10,15,28.5332,29.6348,29.3611,0.8785,0,0,0
2016,10,16,28.759,29.8005,29.3785,0.8037,0,0,0
2016,10,17,28.7592,29.974,29.3314,1.2007,0,0,0
2016,10,18,28.9678,30.3562,29.5431,1.3736,0.1226,0,1
2016,10,19,28.9561,30.2655,29.433,1.1976,0.0181,0,1
2016,10,20,28.8143,30.488,29.71,1.206,0.29,0,1
2016,10,21,28.8991,30.2496,29.8839,1.1082,0.143,0,1
2016,10,22,28.8271,30.0908,29.4438,0.7656,0,0,1
2016,10,23,28.6089,29.6935,29.1127,0.7131,0,0,1
2016,10,24,28.4458,29.6012,29.5657,0.6367,0,0,1
2016,10,25,28.4087,29.5688,29.4125,0.4484,0,0,1
2016,10,26,28.6326,29.6757,29.4439,0.5513,0,0,1
2016,10,27,28.6818,29.8403,29.1749,0.3917,0,0,1
2016,10,28,28.6433,29.8726,29.1758,0.513,0,0,0
2016,10,29,28.7763,29.6915,29.5491,0.4376,0,0,0
2016,10,30,28.7238,30.1392,29.3828,0.4969,0,0,0
2016,10,31,28.7794,30.3015,29.7174,0.8198,0.2963,0,1
2016,11,1,28.5982,30.2854,30.1253,0.8772,0.3407,0,1
2016,11,2,28.9568,30.2389,29.6839,0.705,0.2811,0,1
2016,11,3,29.1344,30.404,30.179,0.8627,0.4287,0,1
2016,11,4,29.0874,30.3959,29.9892,0.9798,0.5761,0,1
2016,11,5,29.0151,30.4911,29.9404,0.9679,0.5516,0,1
2016,11,6,29.362,30.4232,30.1324,1.0451,0.6592,0,1
2016,11,7,29.3001,30.5907,30.1045,1.0344,0.6712,0,1
2016,11,8,29.5384,30.8566,30.0875,0.9813,0.7118,0,1
2016,11,9,29.6036,30.8282,30.2888,1.1331,0.8654,0,1
2016,11,10,29.5613,30.6381,30.2283,1.0153,0.7909,0,1
2016,11,11,29.6287,30.7919,30.2842,1.0101,0.8246,0,1
2016,11,12,29.7111,30.8865,30.3246,1.0495,0.9378,0,1
2016,11,13,29.8663,30.8202,30.5015,1.1573,1.0672,0.1525,2
2016,11,14,29.692,30.7514,30.3829,1.0512,1.0091,0.2966,2
2016,11,15,29.6602,30.7905,30.6404,0.9097,0.9097,0.2966,2
2016,11,16,29.8082,30.7853,30.3878,0.9867,0.9818,0.2966,2
2016,11,17,29.808,30.6861,30.2621,0.9187,0.9114,0.2966,2
2016,11,18,29.6633,30.8067,30.2543,0.8492,0.8409,0.2966,2
2016,11,19,29.5033,30.5343,30.1828,0.7686,0.7591,0.2966,2
2016,11,20,29.3645,30.4409,29.9905,0.6122,0.5663,0.2966,2
2016,11,21,29.7059,30.7871,30.2909,0.8693,0.8262,0.2966,1
2016,11,22,29.8575,30.8066,30.3656,0.9981,0.9385,0.2966,1
2016,11,23,29.5667,30.9221,30.3666,0.9275,0.8951,0.2966,1
2016,11,24,29.4808,30.688,30.1552,0.7688,0.7231,0.2966,1
2016,11,25,29.5077,30.89,30.2349,0.9197,0.8869,0.2966,1
2016,11,26,29.7438,31.0212,30.6168,1.2382,1.1711,0.4639,2
2016,11,27,29.9297,30.8762,30.6734,1.2981,1.2287,0.6394,2
2016,11,28,30.0476,30.8845,30.5336,1.2109,1.1414,0.8025,2
2016,11,29,30.119,30.9485,30.7234,1.1971,1.1741,0.9702,2
2016,11,30,30.1039,30.9774,30.6087,1.2202,1.1363,1.1326,2
2016,12,1,29.9691,30.9044,30.594,1.2509,1.0181,1.278,2
2016,12,2,30.1255,31.3028,30.6546,1.2928,1.199,1.4493,2
2016,12,3,30.0679,31.1315,30.5414,1.2268,1.1851,1.6186,2
2016,12,4,30.2749,31.0073,30.6909,1.3687,1.2385,1.7955,2
2016,12,5,29.8622,30.9246,30.6257,1.2773,1.2049,1.9676,2
2016,12,6,30.3468,31.1463,30.5658,1.422,1.2981,2.1531,2
2016,12,7,30.4203,31.1518,30.7111,1.3957,1.2798,2.3359,2
2016,12,8,30.3801,31.4257,31.1328,1.8211,1.6985,2.5785,2
2016,12,9,30.435,31.2959,31.1153,1.6292,1.5943,2.8063,2
2016,12,10,30.275,31.1903,30.9324,1.4205,1.4109,3.0078,2
2016,12,11,30.3223,31.1974,30.8638,1.3386,1.3233,3.1969,2
2016,12,12,30.2101,31.3117,31.1523,1.29,1.2809,3.3799,2
2016,12,13,30.3815,31.4774,30.7723,1.4306,1.3904,3.5785,2
2016,12,14,30.1603,31.5416,30.9846,1.3721,1.3676,3.7739,2
2016,12,15,30.338,31.4929,31.2341,1.3938,1.3938,3.973,2
2016,12,16,30.3363,31.5631,31.0307,1.3613,1.359,4.1671,3
2016,12,17,30.2913,31.42,30.8197,1.3293,1.298,4.3526,3
2016,12,18,30.361,31.4256,31.3266,1.4595,1.4452,4.559,3
2016,12,19,30.0912,31.188,30.5303,1.2608,1.174,4.7267,3
2016,12,20,29.5939,30.6676,30.3022,1.0449,0.896,4.7267,3
2016,12,21,29.6168,30.8588,30.4767,1.0287,0.9219,4.7267,3
2016,12,22,29.4251,30.9428,30.4021,0.9732,0.8491,4.7267,3
2016,12,23,29.1408,30.9877,30.4737,1.1508,1.0628,4.8786,3
2016,12,24,29.0294,30.7753,30.2296,0.7637,0.7478,4.8786,3
2016,12,25,29.2584,30.8996,30.3912,0.8486,0.8343,4.8786,3
2016,12,26,29.3971,30.5409,30.4785,0.6484,0.5933,4.8786,3
2016,12,27,29.2265,30.525,30.3941,0.7709,0.7485,4.8786,3
2016,12,28,29.2476,30.5066,30.4038,0.7824,0.7581,4.8786,3
2016,12,29,29.1354,30.719,30.154,0.9068,0.779,4.8786,3
2016,12,30,29.0628,30.3727,30.0285,0.6194,0.5205,4.8786,1
2016,12,31,29.0314,30.4422,29.9999,0.5823,0.4406,4.8786,1
2017,1,1,29.0402,30.7805,30.3712,0.5899,0.4334,4.8786,1
2017,1,2,29.3154,30.7044,30.2923,0.8344,0.6665,4.8786,1
2017,1,3,29.145,30.4634,29.9815,0.5892,0.4419,4.8786,1
2017,1,4,28.6093,30.3137,29.9251,0.4554,0.425,4.8786,1
2017,1,5,28.77,30.3985,29.9119,0.7409,0.5028,4.8786,1
2017,1,6,28.6269,30.2784,29.6679,0.5002,0.3136,4.8786,1
2017,1,7,28.6345,30.25,29.6791,0.4988,0.2486,4.8786,1
2017,1,8,28.5458,30.0616,29.6644,0.225,0.1826,4.8786,1
2017,1,9,28.7673,30.1637,29.7581,0.4761,0.316,4.8786,1
2017,1,10,28.9058,30.259,29.9657,0.6137,0.4903,4.8786,1
2017,1,11,28.9022,30.4629,30.1268,0.8065,0.5839,4.8786,1
2017,1,12,28.9756,30.4997,29.9649,0.7099,0.55,4.8786,1
2017,1,13,28.9742,30.9907,30.1883,0.9582,0.5961,4.8786,1
2017,1,14,29.3166,30.8857,30.866,1.1724,0.9766,4.8786,1
2017,1,15,29.3181,30.6646,30.2829,0.9275,0.8314,4.8786,1
2017,1,16,29.2835,30.7042,30.4206,1.1746,0.9272,4.8786,1
2017,1,17,29.3414,30.6632,30.3256,0.8995,0.8133,4.8786,1
2017,1,18,29.4385,30.6297,29.9976,0.8892,0.6373,4.8786,1
2017,1,19,29.3383,30.8473,30.0443,0.9278,0.6735,4.8786,1
2017,1,20,29.0002,30.6413,30.0721,0.5604,0.4552,4.8786,1
2017,1,21,29.1185,30.4709,30.0067,0.7532,0.4498,4.8786,1
2017,1,22,29.0299,30.3361,29.8263,0.5555,0.3617,4.8786,1
2017,1,23,28.9404,30.1737,29.8243,0.7394,0.2719,4.8786,1
2017,1,24,28.9184,30.4714,30.2895,0.8547,0.6981,4.8786,1
2017,1,25,29.2748,30.6629,30.4759,0.9585,0.8106,4.8786,1
2017,1,26,29.041,30.489,30.3286,0.7984,0.6369,4.8786,1
2017,1,27,29.0693,30.6148,30.2808,0.9282,0.7307,4.8786,1
2017,1,28,28.9137,30.8103,30.3827,0.8184,0.6462,4.8786,1
2017,1,29,28.8618,30.9024,30.3002,0.6874,0.4791,4.8786,1
2017,1,30,28.6493,30.3701,29.7373,0.3216,0.1175,4.8786,1
2017,1,31,28.7898,30.4429,29.9007,0.4243,0.2195,4.8786,1
2017,2,1,28.6338,30.2451,29.6634,0.542,0.2174,4.8786,1
2017,2,2,28.6028,30.3066,30.1854,0.7093,0.249,4.8786,1
2017,2,3,28.4745,30.3825,30.1762,0.5876,0.3132,4.8786,1
2017,2,4,28.494,30.3552,30.1915,0.6322,0.37,4.8786,1
2017,2,5,28.3123,29.954,29.506,0.345,0,4.7261,1
2017,2,6,28.2354,29.7727,29.4593,0.1244,0,4.5819,1
2017,2,7,28.431,30.1732,29.7606,0.4364,0.138,4.5819,1
2017,2,8,28.5547,30.14,30.0296,0.5748,0.1003,4.5819,1
2017,2,9,28.4442,30.0408,29.5476,0.317,0,4.5819,1
2017,2,10,28.56,30.0404,29.7877,0.2987,0,4.5819,1
2017,2,11,28.3135,30.1854,29.4028,0.3025,0,4.5819,1
2017,2,12,28.372,30.0147,29.2855,0.1968,0,4.5819,1
2017,2,13,28.3402,29.8532,29.2653,0.2409,0,4.5819,1
2017,2,14,28.1856,29.8855,29.3077,0.4259,0,4.5819,1
2017,2,15,28.2099,29.6766,29.2328,0.1472,0,4.5819,0
2017,2,16,28.3016,29.5949,29.5833,0.1451,0,4.5819,0
2017,2,17,28.3166,30.1708,29.3113,0.3133,0,4.5819,0
2017,2,18,28.4532,30.0215,29.6784,0.2273,0,4.4146,0
2017,2,19,28.3462,30.0387,29.6349,0.3707,0,4.2391,0
2017,2,20,28.4323,30.1529,29.4603,0.5707,0.0338,4.0761,1
2017,2,21,28.6001,30.1407,30.0281,0.6221,0.2009,3.9083,1
2017,2,22,28.6559,30.3808,30.1409,0.7135,0.2618,3.746,1
2017,2,23,28.7889,30.4199,30.2495,0.9282,0.3195,3.6006,1
2017,2,24,28.9091,30.2964,30.0221,0.5942,0.1465,3.4293,1
2017,2,25,29.1329,30.5338,30.0295,1.3609,0.4716,3.26,1
2017,2,26,29.1765,30.3705,30.078,1.5625,0.4719,3.0831,1
2017,2,27,29.2526,30.4654,30.0453,1.0016,0.4884,2.9109,1
2017,2,28,29.3226,30.3576,29.6964,0.929,0.3498,2.7255,1
2017,3,1,29.2971,30.6201,29.9275,1.2963,0.5546,2.5427,1
2017,3,2,29.3207,30.4693,29.7824,1.0115,0.4162,2.3,1
2017,3,3,29.3706,30.5388,30.025,1.1688,0.468,2.0723,1
2017,3,4,29.3896,30.4441,30.1015,0.9509,0.4343,1.8707,1
2017,3,5,29.1516,30.3589,29.5845,1.102,0.1814,1.6817,1
2017,3,6,28.8865,30.1558,29.6814,0.8986,0.2763,1.4987,1
2017,3,7,28.9451,30.3238,29.6945,1.0081,0.3391,1.3001,1
2017,3,8,29.186,30.2201,29.8906,0.8946,0.2908,1.1047,1
2017,3,9,29.2331,30.2759,29.9119,1.1003,0.3902,0.9056,1
2017,3,10,28.9496,30.0967,29.6351,0.9418,0.2097,0.7114,1
2017,3,11,29.0855,30.4437,29.6677,0.8993,0.2444,0.526,1
2017,3,12,29.0629,30.3451,29.7455,0.8742,0.2522,0.3195,1
2017,3,13,28.9848,30.2713,29.5987,1.1805,0.1776,0.1518,1
2017,3,14,28.8092,30.0549,29.808,0.6758,0.0914,0.1518,1
2017,3,15,29.0359,30.3119,29.7227,1.1259,0.2952,0.1518,1
2017,3,16,28.9447,30.0327,29.55,0.8057,0.1223,0.1518,1
2017,3,17,28.9042,29.9805,29.5925,0.6973,0.018,0,1
2017,3,18,28.9269,29.9409,29.382,0.6342,0,0,1
2017,3,19,28.8293,30.0858,30.014,0.8836,0.0805,0,1
2017,3,20,28.5603,29.947,29.4133,0.6489,0,0,1
2017,3,21,28.6179,30.1511,29.2343,0.5297,0,0,1
2017,3,22,28.7004,30.3252,29.3847,0.6596,0.0396,0,1
2017,3,23,28.808,30.3433,29.4843,0.8562,0.1053,0,1
2017,3,24,28.8491,30.3551,29.53,0.8937,0.1211,0,1
2017,3,25,28.7516,30.1484,29.8585,0.8165,0,0,1
2017,3,26,28.7227,29.9003,29.1265,0.5133,0,0,1
2017,3,27,28.7625,29.885,29.0913,0.5984,0,0,1
2017,3,28,28.7005,29.8243,29.0101,0.3832,0,0,1
2017,3,29,28.7742,29.6436,29.2272,0.4742,0,0,1
2017,3,30,28.557,29.7159,29.1096,0.4537,0,0,1
2017,3,31,28.571,29.9994,29.1755,0.4808,0,0,0
2017,4,1,28.7921,29.5806,29.4502,0.6751,0,0,0
2017,4,2,28.8268,29.629,29.3505,0.608,0,0,0
2017,4,3,28.8663,29.8288,29.4725,0.6768,0,0,0
2017,4,4,28.9235,29.624,29.3568,0.6668,0,0,0
2017,4,5,28.9235,29.7735,29.4306,0.7042,0,0,0
2017,4,6,29.0912,30.0126,29.6228,0.8522,0.0623,0,1
2017,4,7,29.0051,29.9057,29.5792,0.8132,0.1624,0,1
2017,4,8,28.5682,29.6114,29.2348,0.4893,0,0,1
2017,4,9,29.0415,29.7316,29.3505,0.5986,0,0,1
2017,4,10,28.5988,29.6081,29.3557,0.5322,0,0,1
2017,4,11,28.7196,29.5998,29.2698,0.4104,0,0,1
2017,4,12,28.5072,29.4611,29.0864,0.3436,0,0,1
2017,4,13,28.5817,29.6073,29.267,0.483,0,0,1
2017,4,14,28.6098,29.5622,29.3371,0.3857,0,0,0
2017,4,15,28.0822,29.5847,29.2766,0.4699,0,0,0
2017,4,16,28.7284,30.0122,29.4279,0.6661,0,0,0
2017,4,17,28.9709,29.9833,29.5744,0.7716,0.1947,0,1
2017,4,18,29.1097,29.9114,29.5597,0.84,0.1327,0,1
2017,4,19,28.9405,29.6353,29.4541,0.7092,0,0,1
2017,4,20,29.042,30.1314,29.6332,0.8615,0.1487,0,1
2017,4,21,28.9805,30.0194,29.4737,0.7316,0.0152,0,1
2017,4,22,28.9891,29.9647,29.6195,0.5845,0,0,1
2017,4,23,28.8595,30.0162,29.654,0.651,0.0576,0,1
2017,4,24,28.8853,29.8431,29.4513,0.7183,0,0,1
2017,4,25,29.0104,29.7723,29.3912,0.7123,0,0,1
2017,4,26,28.9525,29.9091,29.4501,0.7371,0.0145,0,1
2017,4,27,28.7745,30.0659,29.3184,0.5585,0,0,1
2017,4,28,28.6265,29.7715,29.3769,0.6952,0,0,1
2017,4,29,28.6482,29.8498,29.6038,0.471,0,0,1
2017,4,30,28.6683,29.9046,29.5774,0.8704,0.0214,0,1
2017,5,1,28.8793,30.1402,29.8066,0.6701,0.0848,0,1
2017,5,2,28.872,30.1483,29.5158,0.6464,0.1314,0,1
2017,5,3,28.7948,30.1465,29.9412,0.758,0.1858,0,1
2017,5,4,28.7238,30.2994,29.7473,1.0545,0.314,0,1
2017,5,5,28.8267,30.32,29.9071,0.7917,0.2142,0,1
2017,5,6,28.6735,30.0464,29.5887,0.6878,0.1754,0,1
2017,5,7,28.7373,30.1533,29.9808,0.8415,0.2694,0,1
2017,5,8,28.7058,30.0896,29.6023,0.9123,0.163,0,1
2017,5,9,28.7635,30.1631,29.7858,0.8203,0.291,0,1
2017,5,10,28.5359,30.0274,29.6098,0.7974,0.0868,0,1
2017,5,11,28.5285,30.0477,29.8596,0.6618,0.0913,0,1
2017,5,12,28.2981,29.8021,29.4783,0.3461,0,0,1
2017,5,13,28.5249,29.8762,29.7618,0.5683,0.0144,0,1
2017,5,14,28.5479,30.1894,29.5017,0.859,0.0673,0,1
2017,5,15,28.4436,30.0345,29.3545,0.4247,0,0,1
2017,5,16,28.4791,29.7147,29.2713,0.2805,0,0,1
2017,5,17,28.4752,30.0504,29.571,0.6931,0.1296,0,1
2017,5,18,28.2626,29.867,29.4461,0.3874,0,0,1
2017,5,19,28.4027,29.6871,29.5393,0.6163,0,0,1
2017,5,20,28.5509,29.622,29.5111,0.6643,0.0045,0,1
2017,5,21,28.6541,29.7639,29.4327,0.9084,0,0,1
2017,5,22,28.5419,29.6944,29.3294,0.6057,0,0,1
2017,5,23,28.3431,29.5648,29.1041,0.679,0,0,1
2017,5,24,28.3418,29.5901,29.0843,0.6164,0,0,1
2017,5,25,28.3563,29.6308,29.1156,0.4384,0,0,1
2017,5,26,28.4806,29.6719,29.1309,0.4806,0,0,1
2017,5,27,28.3059,29.4403,29.3189,0.6187,0,0,0
2017,5,28,28.3764,29.467,29.0569,0.488,0,0,0
2017,5,29,28.3916,29.2747,29.1111,0.426,0,0,0
2017,5,30,28.226,29.2026,28.7454,0.2344,0,0,0
2017,5,31,28.0855,29.2561,28.9334,0.3955,0,0,0
2017,6,1,28.0388,29.0852,28.9561,0.2673,0,0,0
2017,6,2,28.181,29.1112,29.0798,0.3413,0,0,0
2017,6,3,27.9562,29.0293,29.0087,0.3228,0,0,0
2017,6,4,28.0968,28.9884,28.5322,0.4047,0,0,0
2017,6,5,27.9167,28.8722,28.8639,0.2256,0,0,0
2017,6,6,27.932,28.791,28.7182,0.1682,0,0,0
2017,6,7,27.8135,28.7793,28.6511,0.1973,0,0,0
2017,6,8,27.7962,28.8259,28.4265,0.1578,0,0,0
2017,6,9,27.5054,28.5224,28.1629,0.2943,0,0,0
2017,6,10,27.5154,28.4742,28.1286,-0.1672,0,0,0
2017,6,11,27.4577,28.5902,28.2485,-0.1163,0,0,0
2017,6,12,27.3073,28.7653,28.3811,0.2521,0,0,0
2017,6,13,27.215,28.7429,28.5131,0.3746,0,0,0
2017,6,14,27.0507,28.5364,28.0216,-0.0318,0,0,0
2017,6,15,27.2328,28.4974,28.335,0.2432,0,0,0
2017,6,16,27.1946,28.9612,28.1609,0.4097,0,0,0
2017,6,17,27.1947,29.0954,28.5264,0.5791,0,0,0
2017,6,18,27.164,28.7589,28.7032,0.4332,0,0,0
2017,6,19,27.2827,28.6243,28.3979,0.2969,0,0,0
2017,6,20,27.2721,28.4548,28.0495,0.2994,0,0,0
2017,6,21,27.1627,28.3949,28.014,0.2448,0,0,0
2017,6,22,27.028,28.3455,28.2196,0.1658,0,0,0
2017,6,23,27.1095,28.5075,28.3571,0.2743,0,0,0
2017,6,24,27.3334,28.5466,28.0911,0.2282,0,0,0
2017,6,25,27.3017,28.5304,27.8882,0.2367,0,0,0
2017,6,26,27.168,28.6308,28.3211,0.3607,0,0,0
2017,6,27,27.0742,28.4754,28.3418,0.3309,0,0,0
2017,6,28,27.0712,28.5849,28.4398,0.4849,0,0,0
2017,6,29,27.2832,28.6901,28.4188,0.5459,0,0,0
2017,6,30,27.0418,28.286,28.0851,0.2256,0,0,0
2017,7,1,26.9319,28.1792,27.8531,0.3348,0,0,0
2017,7,2,26.8911,28.3133,28.0933,0.4283,0,0,0
2017,7,3,27.0024,28.2881,28.2724,0.465,0,0,0
2017,7,4,26.9942,28.395,28.0063,0.4142,0,0,0
2017,7,5,27.1762,28.3409,28.0145,0.5051,0,0,0
2017,7,6,27.09,28.3296,28.1534,0.4964,0,0,0
2017,7,7,27.2009,28.4731,28.0116,0.7484,0,0,0
2017,7,8,27.0977,28.234,28.0013,0.4534,0,0,0
2017,7,9,26.9154,27.8452,27.5932,0.41,0,0,0
2017,7,10,27.0592,28.1093,27.7232,0.4619,0,0,0
2017,7,11,27.0486,27.9986,27.7047,0.4791,0,0,0
2017,7,12,26.9272,28.0105,27.6952,0.5669,0,0,0
2017,7,13,26.9924,28.053,27.7061,0.5364,0,0,0
2017,7,14,26.8602,27.9254,27.6016,0.7954,0,0,0
2017,7,15,26.8564,27.9693,27.623,0.5944,0,0,0
2017,7,16,26.5766,27.8405,27.3966,0.3707,0,0,0
2017,7,17,26.6312,27.8804,27.4354,0.2231,0,0,0
2017,7,18,26.7535,27.6937,27.4552,0.4698,0,0,0
2017,7,19,26.9485,27.8058,27.6229,0.5864,0,0,0
2017,7,20,26.9849,28.2954,27.7277,1.0527,0,0,0
2017,7,21,27.0392,27.9369,27.813,0.5004,0,0,0
2017,7,22,26.9458,27.8935,27.7018,0.654,0,0,0
2017,7,23,26.9281,27.9209,27.7346,0.7129,0,0,0
2017,7,24,27.04,27.9677,27.7696,0.7375,0,0,0
2017,7,25,27.1407,28.0723,27.8364,0.9014,0,0,0
2017,7,26,26.9257,28.1187,27.6768,0.5657,0,0,0
2017,7,27,26.7387,27.835,27.5223,0.5958,0,0,0
2017,7,28,26.8382,27.8342,27.5279,0.2896,0,0,0
2017,7,29,27.0067,27.9187,27.5922,0.3123,0,0,0
2017,7,30,26.9183,28.0543,27.5457,0.7664,0,0,0
2017,7,31,27.029,27.8331,27.4468,0.5451,0,0,0
2017,8,1,26.8881,27.6915,27.34,0.7979,0,0,0
2017,8,2,26.9329,27.8013,27.7739,0.5042,0,0,0
2017,8,3,26.9772,28.0679,27.416,0.7536,0,0,0
2017,8,4,27.0204,28.0751,27.5743,0.5959,0,0,0
2017,8,5,26.8847,28.0412,27.9813,0.7193,0,0,0
2017,8,6,26.7843,28.2722,27.639,0.5879,0,0,0
2017,8,7,26.9881,28.1778,27.6466,0.7989,0,0,0
2017,8,8,26.9624,28.1348,27.7924,0.6154,0,0,0
